ts_code,symbol,name,area,industry,list_date
000001.SZ,1,平安银行,深圳,银行,19910403
000002.SZ,2,万科Ａ,深圳,全国地产,19910129
000006.SZ,6,深振业Ａ,深圳,区域地产,19920427
000007.SZ,7,全新好,深圳,其他商业,19920413
000008.SZ,8,神州高铁,北京,运输设备,19920507
000009.SZ,9,中国宝安,深圳,电气设备,19910625
000011.SZ,11,深物业A,深圳,房产服务,19920330
000012.SZ,12,南玻Ａ,深圳,玻璃,19920228
000014.SZ,14,沙河股份,深圳,全国地产,19920602
000017.SZ,17,深中华A,深圳,服饰,19920331
000019.SZ,19,深粮控股,深圳,农业综合,19921012
000020.SZ,20,深华发Ａ,深圳,元器件,19920428
000021.SZ,21,深科技,深圳,元器件,19940202
001872.SZ,1872,招商港口,深圳,港口,19930505
000025.SZ,25,特力Ａ,深圳,综合类,19930621
000026.SZ,26,飞亚达,深圳,服饰,19930603
000027.SZ,27,深圳能源,深圳,火力发电,19930903
000028.SZ,28,国药一致,深圳,医药商业,19930809
000029.SZ,29,深深房Ａ,深圳,区域地产,19930915
000030.SZ,30,富奥股份,吉林,汽车配件,19930929
000031.SZ,31,大悦城,深圳,全国地产,19931008
000032.SZ,32,深桑达Ａ,深圳,建筑工程,19931028
000034.SZ,34,神州数码,深圳,软件服务,19940509
000035.SZ,35,中国天楹,江苏,环境保护,19940408
000036.SZ,36,华联控股,深圳,全国地产,19940617
000037.SZ,37,深南电A,深圳,火力发电,19940701
000039.SZ,39,中集集团,深圳,运输设备,19940408
000042.SZ,42,中洲控股,深圳,全国地产,19940921
001914.SZ,1914,招商积余,深圳,房产服务,19940928
000045.SZ,45,深纺织Ａ,深圳,元器件,19940815
000048.SZ,48,京基智农,深圳,农业综合,19941101
000049.SZ,49,德赛电池,深圳,电气设备,19950320
000050.SZ,50,深天马Ａ,深圳,元器件,19950315
000055.SZ,55,方大集团,深圳,其他建材,19960415
000058.SZ,58,深赛格,深圳,商品城,19961226
000059.SZ,59,华锦股份,辽宁,石油加工,19970130
000060.SZ,60,中金岭南,深圳,铅锌,19970123
000061.SZ,61,农产品,深圳,农业综合,19970110
000062.SZ,62,深圳华强,深圳,元器件,19970130
000063.SZ,63,中兴通讯,深圳,通信设备,19971118
000065.SZ,65,北方国际,北京,建筑工程,19980605
000066.SZ,66,中国长城,深圳,IT设备,19970626
000068.SZ,68,华控赛格,深圳,环境保护,19970611
000069.SZ,69,华侨城Ａ,深圳,全国地产,19970910
000070.SZ,70,特发信息,深圳,通信设备,20000511
000088.SZ,88,盐田港,深圳,港口,19970728
000089.SZ,89,深圳机场,深圳,机场,19980420
000090.SZ,90,天健集团,深圳,建筑工程,19990721
000096.SZ,96,广聚能源,深圳,石油贸易,20000724
000099.SZ,99,中信海直,深圳,空运,20000731
000100.SZ,100,TCL科技,广东,元器件,20040130
000151.SZ,151,中成股份,北京,商贸代理,20000906
000153.SZ,153,丰原药业,安徽,化学制药,20000920
000155.SZ,155,川能动力,四川,新型电力,20000926
000156.SZ,156,华数传媒,浙江,影视音像,20000906
000157.SZ,157,中联重科,湖南,工程机械,20001012
000158.SZ,158,常山北明,河北,软件服务,20000724
000159.SZ,159,国际实业,新疆,石油贸易,20000926
000301.SZ,301,东方盛虹,江苏,化纤,20000529
000400.SZ,400,许继电气,河南,电气设备,19970418
000401.SZ,401,金隅冀东,河北,水泥,19960614
000402.SZ,402,金融街,北京,全国地产,19960626
000403.SZ,403,派林生物,山西,生物制药,19960628
000404.SZ,404,长虹华意,江西,家用电器,19960619
000407.SZ,407,胜利股份,山东,供气供热,19960703
000408.SZ,408,藏格矿业,青海,农药化肥,19960628
000409.SZ,409,云鼎科技,山东,软件服务,19960627
000410.SZ,410,沈阳机床,辽宁,机床制造,19960718
000411.SZ,411,英特集团,浙江,医药商业,19960716
000415.SZ,415,渤海租赁,新疆,多元金融,19960716
000417.SZ,417,合百集团,安徽,百货,19960812
000419.SZ,419,通程控股,湖南,百货,19960816
000420.SZ,420,吉林化纤,吉林,化纤,19960802
000421.SZ,421,南京公用,江苏,供气供热,19960806
000422.SZ,422,湖北宜化,湖北,农药化肥,19960815
000423.SZ,423,东阿阿胶,山东,中成药,19960729
000425.SZ,425,徐工机械,江苏,工程机械,19960828
000426.SZ,426,兴业银锡,内蒙,铅锌,19960828
000428.SZ,428,华天酒店,湖南,酒店餐饮,19960808
000429.SZ,429,粤高速Ａ,广东,路桥,19980220
000498.SZ,498,山东路桥,山东,建筑工程,19970609
000501.SZ,501,武商集团,湖北,百货,19921120
000503.SZ,503,国新健康,山东,软件服务,19921130
000505.SZ,505,京粮控股,海南,食品,19921221
000506.SZ,506,招金黄金,山东,黄金,19930312
000507.SZ,507,珠海港,广东,新型电力,19930326
000509.SZ,509,华塑控股,四川,元器件,19930507
000510.SZ,510,新金路,四川,化工原料,19930507
000513.SZ,513,丽珠集团,广东,化学制药,19931028
000514.SZ,514,渝开发,重庆,区域地产,19930712
000516.SZ,516,国际医学,陕西,医疗保健,19930809
000517.SZ,517,荣安地产,浙江,区域地产,19930806
000519.SZ,519,中兵红箭,河南,专用机械,19931008
000520.SZ,520,凤凰航运,湖北,水运,19931025
000521.SZ,521,长虹美菱,安徽,家用电器,19931018
000523.SZ,523,红棉股份,广东,食品,19931108
000524.SZ,524,岭南控股,广东,旅游服务,19931118
000525.SZ,525,红太阳,江苏,农药化肥,19931028
000526.SZ,526,学大教育,福建,文教休闲,19931101
000528.SZ,528,柳工,广西,工程机械,19931118
000529.SZ,529,广弘控股,广东,食品,19931118
000530.SZ,530,冰山冷热,辽宁,机械基件,19931208
000531.SZ,531,穗恒运Ａ,广东,火力发电,19940106
000532.SZ,532,华金资本,广东,多元金融,19940103
000533.SZ,533,顺钠股份,广东,电气设备,19940103
000534.SZ,534,万泽股份,广东,生物制药,19940110
000536.SZ,536,华映科技,福建,元器件,19931126
000537.SZ,537,绿发电力,天津,新型电力,19931210
000538.SZ,538,云南白药,云南,中成药,19931215
000539.SZ,539,粤电力Ａ,广东,火力发电,19931126
000541.SZ,541,佛山照明,广东,家用电器,19931123
000543.SZ,543,皖能电力,安徽,火力发电,19931220
000544.SZ,544,中原环保,河南,环境保护,19931208
000545.SZ,545,金浦钛业,吉林,化工原料,19931215
000546.SZ,546,金圆股份,吉林,环境保护,19931215
000547.SZ,547,航天发展,福建,通信设备,19931130
000548.SZ,548,湖南投资,湖南,路桥,19931220
000550.SZ,550,江铃汽车,江西,汽车整车,19931201
000551.SZ,551,创元科技,江苏,专用机械,19940106
000552.SZ,552,甘肃能化,甘肃,煤炭开采,19940106
000553.SZ,553,安道麦A,湖北,农药化肥,19931203
000554.SZ,554,泰山石油,山东,石油贸易,19931215
000555.SZ,555,神州信息,深圳,软件服务,19940408
000557.SZ,557,西部创业,宁夏,铁路,19940617
000558.SZ,558,天府文旅,四川,旅游景点,19940509
000559.SZ,559,万向钱潮,浙江,汽车配件,19940110
000560.SZ,560,我爱我家,云南,房产服务,19940202
000561.SZ,561,烽火电子,陕西,通信设备,19940509
000563.SZ,563,陕国投Ａ,陕西,多元金融,19940110
000564.SZ,564,供销大集,陕西,百货,19940110
000565.SZ,565,渝三峡Ａ,重庆,染料涂料,19940408
000566.SZ,566,海南海药,海南,化学制药,19940525
000567.SZ,567,海德股份,海南,多元金融,19940525
000568.SZ,568,泸州老窖,四川,白酒,19940509
000570.SZ,570,苏常柴Ａ,江苏,农用机械,19940701
000571.SZ,571,新大洲A,海南,煤炭开采,19940525
000572.SZ,572,海马汽车,海南,汽车整车,19940808
000573.SZ,573,粤宏远Ａ,广东,区域地产,19940815
000576.SZ,576,甘化科工,广东,电气设备,19940907
000581.SZ,581,威孚高科,江苏,汽车配件,19980924
000582.SZ,582,北部湾港,广西,港口,19951102
000586.SZ,586,汇源通信,四川,通信设备,19951220
000589.SZ,589,贵州轮胎,贵州,汽车配件,19960308
000590.SZ,590,古汉医药,湖南,中成药,19960119
000591.SZ,591,太阳能,重庆,新型电力,19960208
000592.SZ,592,平潭发展,福建,林业,19960327
000593.SZ,593,德龙汇能,四川,供气供热,19960312
000596.SZ,596,古井贡酒,安徽,白酒,19960927
000597.SZ,597,东北制药,辽宁,化学制药,19960523
000598.SZ,598,兴蓉环境,四川,水务,19960529
000599.SZ,599,青岛双星,山东,汽车配件,19960430
000600.SZ,600,建投能源,河北,火力发电,19960606
000601.SZ,601,韶能股份,广东,水力发电,19960830
000603.SZ,603,盛达资源,北京,铅锌,19960823
000605.SZ,605,渤海股份,北京,水务,19960913
000607.SZ,607,华媒控股,浙江,广告包装,19960830
000612.SZ,612,焦作万方,河南,铝,19960926
000617.SZ,617,中油资本,新疆,多元金融,19961022
000619.SZ,619,海螺新材,安徽,其他建材,19961023
000620.SZ,620,盈新发展,北京,全国地产,19961029
000623.SZ,623,吉林敖东,吉林,中成药,19961028
000625.SZ,625,长安汽车,重庆,汽车整车,19970610
000626.SZ,626,远大控股,江苏,商贸代理,19961128
000628.SZ,628,高新发展,四川,建筑工程,19961118
000629.SZ,629,钒钛股份,四川,小金属,19961115
000630.SZ,630,铜陵有色,安徽,铜,19961120
000631.SZ,631,顺发恒能,浙江,综合类,19961122
000633.SZ,633,合金投资,新疆,小金属,19961112
000635.SZ,635,英力特,宁夏,化工原料,19961120
000636.SZ,636,风华高科,广东,元器件,19961129
000637.SZ,637,茂化实华,广东,石油加工,19961114
000650.SZ,650,仁和药业,江西,中成药,19961210
000651.SZ,651,格力电器,广东,家用电器,19961118
000652.SZ,652,泰达股份,天津,批发业,19961128
000655.SZ,655,金岭矿业,山东,普钢,19961128
000657.SZ,657,中钨高新,海南,小金属,19961205
000659.SZ,659,珠海中富,广东,广告包装,19961203
000661.SZ,661,长春高新,吉林,生物制药,19961218
000663.SZ,663,永安林业,福建,林业,19961206
000665.SZ,665,湖北广电,湖北,影视音像,19961210
000670.SZ,670,盈方微,湖北,元器件,19961217
000672.SZ,672,上峰水泥,甘肃,水泥,19961218
000676.SZ,676,智度股份,广东,互联网,19961224
000678.SZ,678,襄阳轴承,湖北,汽车配件,19970106
000679.SZ,679,大连友谊,辽宁,百货,19970124
000680.SZ,680,山推股份,山东,工程机械,19970122
000681.SZ,681,视觉中国,江苏,互联网,19970121
000682.SZ,682,东方电子,山东,电气设备,19970121
000683.SZ,683,博源化工,内蒙,化工原料,19970131
000685.SZ,685,中山公用,广东,水务,19970123
000686.SZ,686,东北证券,吉林,证券,19970227
000688.SZ,688,国城矿业,四川,铅锌,19970120
000690.SZ,690,宝新能源,广东,火力发电,19970128
000692.SZ,692,惠天热电,辽宁,供气供热,19970227
000695.SZ,695,滨海能源,天津,化工原料,19970218
001696.SZ,1696,宗申动力,重庆,摩托车,19970306
000697.SZ,697,炼石航空,陕西,航空,19970325
000700.SZ,700,模塑科技,江苏,汽车配件,19970228
000701.SZ,701,厦门信达,福建,商贸代理,19970226
000702.SZ,702,正虹科技,湖南,饲料,19970318
000703.SZ,703,恒逸石化,广西,化纤,19970328
000705.SZ,705,浙江震元,浙江,医药商业,19970410
000707.SZ,707,双环科技,湖北,化工原料,19970415
000708.SZ,708,中信特钢,湖北,特种钢,19970326
000709.SZ,709,河钢股份,河北,普钢,19970416
000710.SZ,710,贝瑞基因,四川,医疗保健,19970422
000712.SZ,712,锦龙股份,广东,证券,19970415
000713.SZ,713,国投丰乐,安徽,种植业,19970422
000715.SZ,715,中兴商业,辽宁,百货,19970508
000716.SZ,716,黑芝麻,广西,食品,19970418
000717.SZ,717,中南股份,广东,普钢,19970508
000718.SZ,718,苏宁环球,吉林,区域地产,19970408
000719.SZ,719,中原传媒,河南,出版业,19970331
000720.SZ,720,新能泰山,山东,电气设备,19970509
000721.SZ,721,西安饮食,陕西,酒店餐饮,19970430
000722.SZ,722,湖南发展,湖南,水力发电,19970522
000723.SZ,723,美锦能源,山西,焦炭加工,19970515
000725.SZ,725,京东方Ａ,北京,元器件,20010112
000726.SZ,726,鲁泰Ａ,山东,纺织,20001225
000727.SZ,727,冠捷科技,江苏,元器件,19970520
000728.SZ,728,国元证券,安徽,证券,19970616
000729.SZ,729,燕京啤酒,北京,啤酒,19970716
000731.SZ,731,四川美丰,四川,农药化肥,19970617
000733.SZ,733,振华科技,贵州,元器件,19970703
000735.SZ,735,罗牛山,海南,农业综合,19970611
000737.SZ,737,北方铜业,山西,铜,19970428
000738.SZ,738,航发控制,江苏,航空,19970626
000739.SZ,739,普洛药业,浙江,化学制药,19970509
000750.SZ,750,国海证券,广西,证券,19970709
000751.SZ,751,锌业股份,辽宁,铅锌,19970626
000753.SZ,753,漳州发展,福建,综合类,19970626
000755.SZ,755,山西高速,山西,路桥,19970627
000756.SZ,756,新华制药,山东,化学制药,19970806
000757.SZ,757,浩物股份,四川,汽车服务,19970627
000758.SZ,758,中色股份,北京,铅锌,19970416
000759.SZ,759,中百集团,湖北,超市连锁,19970519
000761.SZ,761,本钢板材,辽宁,普钢,19980115
000762.SZ,762,西藏矿业,西藏,小金属,19970708
000766.SZ,766,通化金马,吉林,化学制药,19970430
000767.SZ,767,晋控电力,山西,火力发电,19970609
000768.SZ,768,中航西飞,陕西,航空,19970626
000776.SZ,776,广发证券,广东,证券,19970611
000777.SZ,777,中核科技,江苏,机械基件,19970710
000778.SZ,778,新兴铸管,河北,钢加工,19970606
000779.SZ,779,甘咨询,甘肃,建筑工程,19970528
000782.SZ,782,恒申新材,广东,化纤,19970619
000783.SZ,783,长江证券,湖北,证券,19970731
000785.SZ,785,居然智家,湖北,百货,19970711
000786.SZ,786,北新建材,北京,其他建材,19970606
000788.SZ,788,北大医药,重庆,化学制药,19970616
000789.SZ,789,万年青,江西,水泥,19970923
000790.SZ,790,华神科技,四川,中成药,19980327
000791.SZ,791,甘肃能源,甘肃,水力发电,19971014
000792.SZ,792,盐湖股份,青海,农药化肥,19970904
000795.SZ,795,英洛华,浙江,矿物制品,19970808
000796.SZ,796,凯撒旅业,海南,旅游服务,19970703
000797.SZ,797,中国武夷,福建,全国地产,19970715
000798.SZ,798,中水渔业,北京,渔业,19980212
000799.SZ,799,酒鬼酒,湖南,白酒,19970718
000800.SZ,800,一汽解放,吉林,汽车整车,19970618
000801.SZ,801,四川九洲,四川,家用电器,19980506
000802.SZ,802,北京文化,北京,影视音像,19980108
000803.SZ,803,山高环能,四川,环境保护,19980303
000807.SZ,807,云铝股份,云南,铝,19980408
000809.SZ,809,和展能源,辽宁,电气设备,19980616
000810.SZ,810,创维数字,四川,家用电器,19980602
000811.SZ,811,冰轮环境,山东,工程机械,19980528
000812.SZ,812,陕西金叶,陕西,广告包装,19980623
000813.SZ,813,德展健康,新疆,化学制药,19980519
000815.SZ,815,美利云,宁夏,通信设备,19980609
000816.SZ,816,智慧农业,江苏,农用机械,19970818
000818.SZ,818,航锦科技,辽宁,化工原料,19971017
000819.SZ,819,岳阳兴长,湖南,石油加工,19970625
000822.SZ,822,山东海化,山东,化工原料,19980703
000823.SZ,823,超声电子,广东,元器件,19971008
000825.SZ,825,太钢不锈,山西,特种钢,19981021
000828.SZ,828,东莞控股,广东,路桥,19970617
000829.SZ,829,天音控股,江西,其他商业,19971202
000830.SZ,830,鲁西化工,山东,化工原料,19980807
000831.SZ,831,中国稀土,江西,小金属,19980911
000833.SZ,833,粤桂股份,广西,综合类,19981111
000837.SZ,837,秦川机床,陕西,机床制造,19980928
000839.SZ,839,国安股份,北京,综合类,19971031
000848.SZ,848,承德露露,河北,软饮料,19971113
000850.SZ,850,华茂股份,安徽,纺织,19981007
000852.SZ,852,石化机械,湖北,化工机械,19981126
000856.SZ,856,冀东装备,河北,专用机械,19980813
000858.SZ,858,五粮液,四川,白酒,19980427
000859.SZ,859,国风新材,安徽,塑料,19981119
000860.SZ,860,顺鑫农业,北京,白酒,19981104
000862.SZ,862,银星能源,宁夏,新型电力,19980915
000863.SZ,863,三湘印象,上海,区域地产,19970925
000868.SZ,868,安凯客车,安徽,汽车整车,19970725
000869.SZ,869,张裕Ａ,山东,红黄酒,20001026
000875.SZ,875,电投绿能,吉林,火力发电,20020926
000876.SZ,876,新希望,四川,饲料,19980311
000877.SZ,877,天山股份,新疆,水泥,19990107
000878.SZ,878,云南铜业,云南,铜,19980602
000880.SZ,880,潍柴重机,山东,专用机械,19980402
000881.SZ,881,中广核技,辽宁,化工原料,19980902
000882.SZ,882,华联股份,北京,其他商业,19980616
000883.SZ,883,湖北能源,湖北,水力发电,19980519
000885.SZ,885,城发环境,河南,环境保护,19990319
000886.SZ,886,海南高速,海南,区域地产,19980123
000887.SZ,887,中鼎股份,安徽,汽车配件,19981203
000888.SZ,888,峨眉山Ａ,四川,旅游景点,19971021
000889.SZ,889,中嘉博创,河北,通信设备,19971218
000890.SZ,890,法尔胜,江苏,环境保护,19990119
000892.SZ,892,欢瑞世纪,重庆,影视音像,19990115
000893.SZ,893,亚钾国际,广东,农药化肥,19981224
000895.SZ,895,双汇发展,河南,食品,19981210
001896.SZ,1896,豫能控股,河南,火力发电,19980122
000897.SZ,897,津滨发展,天津,区域地产,19990422
000898.SZ,898,鞍钢股份,辽宁,普钢,19971225
000899.SZ,899,赣能股份,江西,火力发电,19971126
000900.SZ,900,现代投资,湖南,路桥,19990128
000901.SZ,901,航天科技,黑龙江,汽车配件,19990401
000902.SZ,902,新洋丰,湖北,农药化肥,19990408
000905.SZ,905,厦门港务,福建,港口,19990429
000906.SZ,906,浙商中拓,浙江,仓储物流,19990707
000910.SZ,910,大亚圣象,江苏,家居用品,19990630
000912.SZ,912,泸天化,四川,农药化肥,19990603
000913.SZ,913,钱江摩托,浙江,摩托车,19990514
000915.SZ,915,华特达因,山东,化学制药,19990609
000917.SZ,917,电广传媒,湖南,广告包装,19990325
000919.SZ,919,金陵药业,江苏,化学制药,19991118
000920.SZ,920,沃顿科技,贵州,塑料,19990616
000921.SZ,921,海信家电,山东,家用电器,19990713
000922.SZ,922,佳电股份,黑龙江,电气设备,19990618
000923.SZ,923,河钢资源,河北,普钢,19990714
000925.SZ,925,众合科技,浙江,运输设备,19990611
000926.SZ,926,福星股份,湖北,区域地产,19990618
000927.SZ,927,中国铁物,天津,仓储物流,19990727
000928.SZ,928,中钢国际,吉林,建筑工程,19990312
000930.SZ,930,中粮科技,安徽,农业综合,19990712
000931.SZ,931,中关村,北京,化学制药,19990712
000932.SZ,932,华菱钢铁,湖南,普钢,19990803
000933.SZ,933,神火股份,河南,铝,19990831
000935.SZ,935,四川双马,四川,水泥,19990824
000936.SZ,936,华西股份,江苏,化纤,19990810
000937.SZ,937,冀中能源,河北,煤炭开采,19990909
000938.SZ,938,紫光股份,北京,IT设备,19991104
000948.SZ,948,南天信息,云南,软件服务,19991014
000949.SZ,949,新乡化纤,河南,化纤,19991021
000950.SZ,950,重药控股,重庆,医药商业,19990916
000951.SZ,951,中国重汽,山东,汽车整车,19991125
000952.SZ,952,广济药业,湖北,化学制药,19991112
000953.SZ,953,河化股份,广西,化学制药,19991202
000955.SZ,955,欣龙控股,海南,纺织,19991209
000957.SZ,957,中通客车,山东,汽车整车,20000113
000958.SZ,958,电投产融,河北,新型电力,19991223
000959.SZ,959,首钢股份,北京,普钢,19991216
000960.SZ,960,锡业股份,云南,小金属,20000221
000962.SZ,962,东方钽业,宁夏,小金属,20000120
000963.SZ,963,华东医药,浙江,化学制药,20000127
000965.SZ,965,天保基建,天津,区域地产,20000406
000966.SZ,966,长源电力,湖北,火力发电,20000316
000967.SZ,967,盈峰环境,浙江,环境保护,20000330
000968.SZ,968,蓝焰控股,山西,石油开采,20000622
000969.SZ,969,安泰科技,北京,小金属,20000529
000970.SZ,970,中科三环,北京,矿物制品,20000420
000973.SZ,973,佛塑科技,广东,塑料,20000525
000975.SZ,975,山金国际,内蒙,黄金,20000608
000977.SZ,977,浪潮信息,山东,IT设备,20000608
000978.SZ,978,桂林旅游,广西,旅游景点,20000518
000980.SZ,980,众泰汽车,浙江,汽车配件,20000616
000981.SZ,981,山子高科,甘肃,汽车配件,20000622
000983.SZ,983,山西焦煤,山西,煤炭开采,20000726
000985.SZ,985,大庆华科,黑龙江,化工原料,20000726
000987.SZ,987,越秀资本,广东,多元金融,20000718
000988.SZ,988,华工科技,湖北,专用机械,20000608
000989.SZ,989,九芝堂,湖南,中成药,20000628
000990.SZ,990,诚志股份,江西,化工原料,20000706
000993.SZ,993,闽东电力,福建,水力发电,20000731
000995.SZ,995,皇台酒业,甘肃,白酒,20000807
000997.SZ,997,新大陆,福建,IT设备,20000807
000998.SZ,998,隆平高科,湖南,种植业,20001211
000999.SZ,999,华润三九,深圳,中成药,20000309
002001.SZ,2001,新和成,浙江,化学制药,20040625
002181.SZ,2181,粤传媒,广东,出版业,20071116
600000.SH,600000,浦发银行,上海,银行,19991110
600004.SH,600004,白云机场,广东,机场,20030428
600006.SH,600006,东风股份,湖北,汽车整车,19990727
600007.SH,600007,中国国贸,北京,园区开发,19990312
600008.SH,600008,首创环保,北京,水务,20000427
600009.SH,600009,上海机场,上海,机场,19980218
600010.SH,600010,包钢股份,内蒙,普钢,20010309
600011.SH,600011,华能国际,北京,火力发电,20011206
600012.SH,600012,皖通高速,安徽,路桥,20030107
600015.SH,600015,华夏银行,北京,银行,20030912
600016.SH,600016,民生银行,北京,银行,20001219
600019.SH,600019,宝钢股份,上海,普钢,20001212
600020.SH,600020,中原高速,河南,路桥,20030808
600021.SH,600021,上海电力,上海,火力发电,20031029
600026.SH,600026,中远海能,上海,水运,20020523
600028.SH,600028,中国石化,北京,石油加工,20010808
600029.SH,600029,南方航空,广东,空运,20030725
600030.SH,600030,中信证券,深圳,证券,20030106
600031.SH,600031,三一重工,北京,工程机械,20030703
600033.SH,600033,福建高速,福建,路桥,20010209
600035.SH,600035,楚天高速,湖北,路桥,20040310
600036.SH,600036,招商银行,深圳,银行,20020409
600037.SH,600037,歌华有线,北京,影视音像,20010208
600038.SH,600038,中直股份,黑龙江,航空,20001218
600039.SH,600039,四川路桥,四川,建筑工程,20030325
600050.SH,600050,中国联通,北京,电信运营,20021009
600051.SH,600051,宁波联合,浙江,综合类,19970410
600052.SH,600052,东望时代,浙江,供气供热,19970415
600054.SH,600054,黄山旅游,安徽,旅游景点,19970506
600055.SH,600055,万东医疗,北京,医疗保健,19970519
600056.SH,600056,中国医药,北京,医药商业,19970515
600057.SH,600057,厦门象屿,福建,仓储物流,19970604
600058.SH,600058,五矿发展,北京,商贸代理,19970528
600059.SH,600059,古越龙山,浙江,红黄酒,19970516
600060.SH,600060,海信视像,山东,家用电器,19970422
600061.SH,600061,国投资本,上海,证券,19970519
600062.SH,600062,华润双鹤,北京,化学制药,19970522
600063.SH,600063,皖维高新,安徽,化纤,19970528
600064.SH,600064,南京高科,江苏,园区开发,19970506
600066.SH,600066,宇通客车,河南,汽车整车,19970508
600067.SH,600067,冠城新材,福建,电气设备,19970508
600071.SH,600071,凤凰光学,江西,元器件,19970528
600072.SH,600072,中船科技,上海,电气设备,19970603
600073.SH,600073,光明肉业,上海,食品,19970704
600075.SH,600075,新疆天业,新疆,化工原料,19970617
600076.SH,600076,康欣新材,山东,广告包装,19970526
600078.SH,600078,澄星股份,江苏,化工原料,19970627
600081.SH,600081,东风科技,上海,汽车配件,19970703
600085.SH,600085,同仁堂,北京,中成药,19970625
600088.SH,600088,中视传媒,上海,影视音像,19970616
600089.SH,600089,特变电工,新疆,电气设备,19970618
600094.SH,600094,大名城,上海,区域地产,19970703
600095.SH,600095,湘财股份,黑龙江,证券,19970708
600096.SH,600096,云天化,云南,农药化肥,19970709
600097.SH,600097,开创国际,上海,渔业,19970619
600098.SH,600098,广州发展,广东,火力发电,19970718
600099.SH,600099,林海股份,江苏,汽车整车,19970704
600100.SH,600100,同方股份,北京,IT设备,19970627
600101.SH,600101,明星电力,四川,水力发电,19970627
600103.SH,600103,青山纸业,福建,造纸,19970703
600104.SH,600104,上汽集团,上海,汽车整车,19971125
600105.SH,600105,永鼎股份,江苏,通信设备,19970929
600106.SH,600106,重庆路桥,重庆,路桥,19970618
600108.SH,600108,亚盛集团,甘肃,种植业,19970818
600109.SH,600109,国金证券,四川,证券,19970807
600110.SH,600110,诺德股份,吉林,电气设备,19971007
600111.SH,600111,北方稀土,内蒙,小金属,19970924
600113.SH,600113,浙江东日,浙江,区域地产,19971021
600114.SH,600114,东睦股份,浙江,机械基件,20040511
600115.SH,600115,中国东航,上海,空运,19971105
600116.SH,600116,三峡水利,重庆,水力发电,19970804
600117.SH,600117,西宁特钢,青海,特种钢,19971015
600118.SH,600118,中国卫星,北京,航空,19970908
600120.SH,600120,浙江东方,浙江,多元金融,19971201
600121.SH,600121,郑州煤电,河南,煤炭开采,19980107
600123.SH,600123,兰花科创,山西,煤炭开采,19981217
600125.SH,600125,铁龙物流,辽宁,铁路,19980511
600126.SH,600126,杭钢股份,浙江,普钢,19980311
600127.SH,600127,金健米业,湖南,农业综合,19980506
600128.SH,600128,苏豪弘业,江苏,商贸代理,19970901
600129.SH,600129,太极集团,重庆,中成药,19971118
600130.SH,600130,波导股份,浙江,元器件,20000706
600131.SH,600131,国网信通,四川,通信设备,19980402
600132.SH,600132,重庆啤酒,重庆,啤酒,19971030
600133.SH,600133,东湖高新,湖北,环境保护,19980212
600135.SH,600135,乐凯胶片,河北,塑料,19980122
600137.SH,600137,浪莎股份,四川,服饰,19980416
600138.SH,600138,中青旅,北京,旅游景点,19971203
600141.SH,600141,兴发集团,湖北,农药化肥,19990616
600148.SH,600148,长春一东,吉林,汽车配件,19980520
600149.SH,600149,廊坊发展,河北,综合类,19991014
600150.SH,600150,中国船舶,上海,船舶,19980520
600151.SH,600151,航天机电,上海,汽车配件,19980605
600152.SH,600152,维科技术,浙江,电气设备,19980609
600153.SH,600153,建发股份,福建,仓储物流,19980616
600155.SH,600155,华创云信,北京,证券,19980918
600156.SH,600156,华升股份,湖南,纺织,19980527
600157.SH,600157,永泰能源,山西,火力发电,19980513
600158.SH,600158,中体产业,天津,文教休闲,19980327
600159.SH,600159,大龙地产,北京,区域地产,19980526
600160.SH,600160,巨化股份,浙江,化工原料,19980626
600161.SH,600161,天坛生物,北京,生物制药,19980616
600162.SH,600162,香江控股,深圳,全国地产,19980609
600163.SH,600163,中闽能源,福建,新型电力,19980602
600166.SH,600166,福田汽车,北京,汽车整车,19980602
600167.SH,600167,联美控股,辽宁,供气供热,19990128
600168.SH,600168,武汉控股,湖北,水务,19980427
600170.SH,600170,上海建工,上海,建筑工程,19980623
600171.SH,600171,上海贝岭,上海,半导体,19980924
600172.SH,600172,黄河旋风,河南,矿物制品,19981126
600173.SH,600173,卧龙新能,浙江,全国地产,19990415
600176.SH,600176,中国巨石,浙江,玻璃,19990422
600177.SH,600177,雅戈尔,浙江,服饰,19981119
600178.SH,600178,东安动力,黑龙江,汽车配件,19981014
600179.SH,600179,安通控股,福建,水运,19981104
600182.SH,600182,S佳通,黑龙江,汽车配件,19990507
600183.SH,600183,生益科技,广东,元器件,19981028
600184.SH,600184,光电股份,湖北,专用机械,20031106
600185.SH,600185,珠免集团,广东,旅游服务,19990611
600186.SH,600186,莲花控股,河南,食品,19980825
600188.SH,600188,兖矿能源,山东,煤炭开采,19980701
600189.SH,600189,泉阳泉,吉林,软饮料,19981007
600191.SH,600191,华资实业,内蒙,食品,19981210
600192.SH,600192,长城电工,甘肃,电气设备,19981224
600195.SH,600195,中牧股份,北京,农业综合,19990107
600196.SH,600196,复星医药,上海,化学制药,19980807
600197.SH,600197,伊力特,新疆,白酒,19990916
600198.SH,600198,大唐电信,北京,通信设备,19981021
600199.SH,600199,金种子酒,安徽,白酒,19980812
600201.SH,600201,生物股份,内蒙,农业综合,19990115
600202.SH,600202,哈空调,黑龙江,专用机械,19990603
600203.SH,600203,福日电子,福建,元器件,19990514
600206.SH,600206,有研新材,北京,半导体,19990319
600207.SH,600207,安彩高科,河南,电气设备,19990714
600208.SH,600208,衢州发展,浙江,全国地产,19990623
600210.SH,600210,紫江企业,上海,广告包装,19990824
600211.SH,600211,西藏药业,西藏,生物制药,19990721
600212.SH,600212,绿能慧充,山东,电气设备,19990817
600215.SH,600215,派斯林,吉林,专用机械,19990909
600216.SH,600216,浙江医药,浙江,化学制药,19991021
600217.SH,600217,中再资环,陕西,环境保护,19991216
600218.SH,600218,全柴动力,安徽,汽车配件,19981203
600219.SH,600219,南山铝业,山东,铝,19991223
600221.SH,600221,海航控股,海南,空运,19991125
600222.SH,600222,太龙药业,河南,中成药,19991105
600223.SH,600223,福瑞达,山东,日用化工,20000113
600226.SH,600226,亨通股份,浙江,供气供热,19991116
600227.SH,600227,赤天化,贵州,农药化肥,20000221
600229.SH,600229,城市传媒,山东,出版业,20000309
600230.SH,600230,沧州大化,河北,化工原料,20000406
600231.SH,600231,凌钢股份,辽宁,普钢,20000511
600232.SH,600232,金鹰股份,浙江,纺织机械,20000602
600233.SH,600233,圆通速递,辽宁,仓储物流,20000608
600234.SH,600234,科新发展,山西,装修装饰,20000615
600235.SH,600235,民丰特纸,浙江,造纸,20000615
600236.SH,600236,桂冠电力,广西,水力发电,20000323
600237.SH,600237,铜峰电子,安徽,元器件,20000609
600241.SH,600241,时代万恒,辽宁,电气设备,20001128
600246.SH,600246,万通发展,北京,区域地产,20000922
600248.SH,600248,陕建股份,陕西,建筑工程,20000622
600249.SH,600249,两面针,广西,日用化工,20040130
600250.SH,600250,南京商旅,江苏,商贸代理,20010306
600251.SH,600251,冠农股份,新疆,农业综合,20030609
600252.SH,600252,中恒集团,广西,中成药,20001130
600255.SH,600255,鑫科材料,安徽,小金属,20001122
600256.SH,600256,广汇能源,新疆,石油开采,20000526
600257.SH,600257,大湖股份,湖南,渔业,20000612
600258.SH,600258,首旅酒店,北京,酒店餐饮,20000601
600259.SH,600259,中稀有色,海南,小金属,20000525
600261.SH,600261,阳光照明,浙江,家用电器,20000720
600262.SH,600262,北方股份,内蒙,专用机械,20000630
600266.SH,600266,城建发展,北京,区域地产,19990203
600267.SH,600267,海正药业,浙江,化学制药,20000725
600268.SH,600268,国电南自,江苏,电气设备,19991118
600269.SH,600269,赣粤高速,江西,路桥,20000518
600271.SH,600271,航天信息,北京,软件服务,20030711
600272.SH,600272,开开实业,上海,医药商业,20010228
600273.SH,600273,嘉化能源,浙江,化工原料,20030627
600276.SH,600276,恒瑞医药,江苏,化学制药,20001018
600278.SH,600278,东方创业,上海,商贸代理,20000712
600279.SH,600279,重庆港,重庆,港口,20000731
600280.SH,600280,中央商场,江苏,百货,20000926
600281.SH,600281,华阳新材,山西,小金属,20001109
600282.SH,600282,南钢股份,江苏,普钢,20000919
600283.SH,600283,钱江水利,浙江,水务,20001018
600284.SH,600284,浦东建设,上海,建筑工程,20040316
600285.SH,600285,羚锐制药,河南,中成药,20001018
600287.SH,600287,苏豪时尚,江苏,商贸代理,20000901
600288.SH,600288,大恒科技,北京,元器件,20001129
600292.SH,600292,电投水电,重庆,水力发电,20001101
600293.SH,600293,三峡新材,湖北,玻璃,20000919
600295.SH,600295,鄂尔多斯,内蒙,特种钢,20010426
600298.SH,600298,安琪酵母,湖北,食品,20000818
600299.SH,600299,安迪苏,北京,饲料,20000420
600300.SH,600300,维维股份,江苏,软饮料,20000630
600301.SH,600301,华锡有色,广西,小金属,20000712
600303.SH,600303,曙光股份,辽宁,汽车整车,20001226
600305.SH,600305,恒顺醋业,江苏,食品,20010206
600307.SH,600307,酒钢宏兴,甘肃,普钢,20001220
600308.SH,600308,华泰股份,山东,造纸,20000928
600309.SH,600309,万华化学,山东,化工原料,20010105
600310.SH,600310,广西能源,广西,水力发电,20010228
600312.SH,600312,平高电气,河南,电气设备,20010221
600313.SH,600313,农发种业,北京,种植业,20010119
600315.SH,600315,上海家化,上海,日用化工,20010315
600316.SH,600316,洪都航空,江西,航空,20001215
600318.SH,600318,新力金融,安徽,多元金融,20001208
600319.SH,600319,亚星化学,山东,化工原料,20010326
600320.SH,600320,振华重工,上海,专用机械,20001221
600322.SH,600322,津投城开,天津,区域地产,20010910
600323.SH,600323,瀚蓝环境,广东,环境保护,20001225
600325.SH,600325,华发股份,广东,区域地产,20040225
600326.SH,600326,西藏天路,西藏,水泥,20010116
600327.SH,600327,大东方,江苏,医疗保健,20020625
600328.SH,600328,中盐化工,内蒙,化工原料,20001222
600329.SH,600329,达仁堂,天津,中成药,20010606
600330.SH,600330,天通股份,浙江,专用机械,20010118
600331.SH,600331,宏达股份,四川,农药化肥,20011220
600332.SH,600332,白云山,广东,中成药,20010206
600333.SH,600333,长春燃气,吉林,供气供热,20001211
600335.SH,600335,国机汽车,天津,汽车服务,20010305
600336.SH,600336,澳柯玛,山东,家用电器,20001229
600338.SH,600338,西藏珠峰,西藏,铅锌,20001227
600339.SH,600339,中油工程,新疆,石油开采,20001225
600343.SH,600343,航天动力,陕西,机械基件,20030408
600345.SH,600345,长江通信,湖北,通信设备,20001222
600346.SH,600346,恒力石化,辽宁,石油加工,20010820
600348.SH,600348,华阳股份,山西,煤炭开采,20030821
600350.SH,600350,山东高速,山东,路桥,20020318
600351.SH,600351,亚宝药业,山西,中成药,20020926
600352.SH,600352,浙江龙盛,浙江,染料涂料,20030801
600353.SH,600353,旭光电子,四川,元器件,20021120
600354.SH,600354,敦煌种业,甘肃,种植业,20040115
600356.SH,600356,恒丰纸业,黑龙江,造纸,20010419
600358.SH,600358,国旅联合,江西,广告包装,20000922
600359.SH,600359,新农开发,新疆,种植业,19990429
600361.SH,600361,创新新材,北京,铝,20011129
600362.SH,600362,江西铜业,江西,铜,20020111
600363.SH,600363,联创光电,江西,元器件,20010329
600366.SH,600366,宁波韵升,浙江,矿物制品,20001030
600367.SH,600367,红星发展,贵州,化工原料,20010320
600368.SH,600368,五洲交通,广西,路桥,20001221
600369.SH,600369,西南证券,重庆,证券,20010109
600371.SH,600371,万向德农,黑龙江,种植业,20020916
600372.SH,600372,中航机载,北京,航空,20010706
600373.SH,600373,中文传媒,江西,出版业,20020304
600375.SH,600375,汉马科技,安徽,汽车整车,20030401
600376.SH,600376,首开股份,北京,区域地产,20010312
600377.SH,600377,宁沪高速,江苏,路桥,20010116
600378.SH,600378,昊华科技,四川,化工原料,20010111
600379.SH,600379,宝光股份,陕西,电气设备,20020116
600380.SH,600380,健康元,深圳,化学制药,20010608
600382.SH,600382,广东明珠,广东,普钢,20010118
600383.SH,600383,金地集团,深圳,全国地产,20010412
600386.SH,600386,北巴传媒,北京,汽车服务,20010216
600388.SH,600388,龙净环保,福建,环境保护,20001229
600389.SH,600389,江山股份,江苏,农药化肥,20010110
600390.SH,600390,五矿资本,湖南,多元金融,20010115
600391.SH,600391,航发科技,四川,航空,20011212
600392.SH,600392,盛和资源,四川,小金属,20030529
600395.SH,600395,盘江股份,贵州,煤炭开采,20010531
600396.SH,600396,华电辽能,辽宁,火力发电,20010328
600397.SH,600397,江钨装备,江西,专用机械,20020702
600398.SH,600398,海澜之家,江苏,服饰,20001228
600399.SH,600399,抚顺特钢,辽宁,特种钢,20001229
600400.SH,600400,红豆股份,江苏,服饰,20010108
600403.SH,600403,大有能源,河南,煤炭开采,20031009
600405.SH,600405,动力源,北京,电气设备,20040401
600406.SH,600406,国电南瑞,江苏,电气设备,20031016
600408.SH,600408,安泰集团,山西,焦炭加工,20030212
600409.SH,600409,三友化工,河北,化纤,20030618
600410.SH,600410,华胜天成,北京,软件服务,20040427
600415.SH,600415,小商品城,浙江,商品城,20020509
600416.SH,600416,湘电股份,湖南,电气设备,20020718
600418.SH,600418,江淮汽车,安徽,汽车整车,20010824
600419.SH,600419,天润乳业,新疆,乳制品,20010628
600420.SH,600420,国药现代,上海,化学制药,20040616
600422.SH,600422,昆药集团,云南,中成药,20001206
600425.SH,600425,青松建化,新疆,水泥,20030724
600426.SH,600426,华鲁恒升,山东,农药化肥,20020620
600428.SH,600428,中远海特,广东,水运,20020418
600429.SH,600429,三元股份,北京,乳制品,20030915
600433.SH,600433,冠豪高新,广东,造纸,20030619
600435.SH,600435,北方导航,北京,专用机械,20030704
600436.SH,600436,片仔癀,福建,中成药,20030616
600438.SH,600438,通威股份,四川,电气设备,20040302
600439.SH,600439,瑞贝卡,河南,服饰,20030710
600444.SH,600444,国机通用,安徽,专用机械,20040219
600446.SH,600446,金证股份,深圳,软件服务,20031224
600448.SH,600448,华纺股份,山东,纺织,20010903
600449.SH,600449,宁夏建材,宁夏,水泥,20030829
600452.SH,600452,涪陵电力,重庆,水力发电,20040303
600455.SH,600455,博通股份,陕西,文教休闲,20040329
600456.SH,600456,宝钛股份,陕西,小金属,20020412
600458.SH,600458,时代新材,湖南,塑料,20021219
600459.SH,600459,贵研铂业,云南,小金属,20030516
600460.SH,600460,士兰微,浙江,半导体,20030311
600461.SH,600461,洪城环境,江西,水务,20040601
600463.SH,600463,空港股份,北京,园区开发,20040318
600467.SH,600467,好当家,山东,渔业,20040405
600468.SH,600468,百利电气,天津,电气设备,20010615
600469.SH,600469,风神股份,河南,汽车配件,20031021
600470.SH,600470,六国化工,安徽,农药化肥,20040305
600475.SH,600475,华光环能,江苏,电气设备,20030721
600477.SH,600477,杭萧钢构,浙江,钢加工,20031110
600478.SH,600478,科力远,湖南,电气设备,20030918
600479.SH,600479,千金药业,湖南,中成药,20040312
600480.SH,600480,凌云股份,河北,汽车配件,20030815
600481.SH,600481,双良节能,江苏,电气设备,20030422
600483.SH,600483,福能股份,福建,新型电力,20040531
600486.SH,600486,扬农化工,江苏,农药化肥,20020425
600487.SH,600487,亨通光电,江苏,通信设备,20030822
600488.SH,600488,津药药业,天津,化学制药,20010618
600489.SH,600489,中金黄金,北京,黄金,20030814
600490.SH,600490,鹏欣资源,上海,铜,20030626
600493.SH,600493,凤竹纺织,福建,纺织,20040421
600495.SH,600495,晋西车轴,山西,运输设备,20040526
600496.SH,600496,精工钢构,安徽,钢加工,20020605
600497.SH,600497,驰宏锌锗,云南,铅锌,20040420
600498.SH,600498,烽火通信,湖北,通信设备,20010823
600499.SH,600499,科达制造,广东,专用机械,20021010
600500.SH,600500,中化国际,上海,塑料,20000301
600501.SH,600501,航天晨光,江苏,专用机械,20010615
600502.SH,600502,安徽建工,安徽,建筑工程,20030415
600503.SH,600503,华丽家族,上海,区域地产,20020709
600505.SH,600505,西昌电力,四川,水力发电,20020530
600506.SH,600506,统一股份,新疆,石油加工,20011226
600507.SH,600507,方大特钢,江西,特种钢,20030930
600508.SH,600508,上海能源,上海,煤炭开采,20010829
600509.SH,600509,天富能源,新疆,火力发电,20020228
600510.SH,600510,黑牡丹,江苏,全国地产,20020618
600511.SH,600511,国药股份,北京,医药商业,20021127
600512.SH,600512,腾达建设,浙江,建筑工程,20021226
600513.SH,600513,联环药业,江苏,化学制药,20030319
600515.SH,600515,海南机场,海南,机场,20020806
600516.SH,600516,方大炭素,甘肃,矿物制品,20020830
600517.SH,600517,国网英大,上海,多元金融,20031010
600518.SH,600518,康美药业,广东,中成药,20010319
600519.SH,600519,贵州茅台,贵州,白酒,20010827
600520.SH,600520,三佳科技,安徽,半导体,20020108
600521.SH,600521,华海药业,浙江,化学制药,20030304
600522.SH,600522,中天科技,江苏,通信设备,20021024
600523.SH,600523,贵航股份,贵州,汽车配件,20011227
600526.SH,600526,菲达环保,浙江,环境保护,20020722
600527.SH,600527,江南高纤,江苏,化纤,20031127
600528.SH,600528,中铁工业,北京,运输设备,20010528
600529.SH,600529,山东药玻,山东,医疗保健,20020603
600530.SH,600530,交大昂立,上海,医疗保健,20010702
600531.SH,600531,豫光金铅,河南,铅锌,20020730
600533.SH,600533,栖霞建设,江苏,区域地产,20020328
600535.SH,600535,天士力,天津,中成药,20020823
600536.SH,600536,中国软件,北京,软件服务,20020517
600538.SH,600538,国发股份,广西,医药商业,20030114
600539.SH,600539,狮头股份,山西,互联网,20010824
600540.SH,600540,新赛股份,新疆,种植业,20040107
600545.SH,600545,卓郎智能,新疆,纺织机械,20031203
600546.SH,600546,山煤国际,山西,煤炭开采,20030731
600547.SH,600547,山东黄金,山东,黄金,20030828
600548.SH,600548,深高速,深圳,路桥,20011225
600549.SH,600549,厦门钨业,福建,小金属,20021107
600550.SH,600550,保变电气,河北,电气设备,20010228
600551.SH,600551,时代出版,安徽,出版业,20020905
600552.SH,600552,凯盛科技,安徽,元器件,20021108
600556.SH,600556,天下秀,广西,互联网,20010807
600557.SH,600557,康缘药业,江苏,中成药,20020918
600558.SH,600558,大西洋,四川,钢加工,20010227
600559.SH,600559,老白干酒,河北,白酒,20021029
600560.SH,600560,金自天正,北京,电气设备,20020919
600561.SH,600561,江西长运,江西,公共交通,20020716
600562.SH,600562,国睿科技,江苏,通信设备,20030128
600563.SH,600563,法拉电子,福建,元器件,20021210
600566.SH,600566,济川药业,湖北,中成药,20010822
600567.SH,600567,山鹰国际,安徽,造纸,20011218
600569.SH,600569,安阳钢铁,河南,普钢,20010820
600570.SH,600570,恒生电子,浙江,软件服务,20031216
600571.SH,600571,信雅达,浙江,软件服务,20021101
600572.SH,600572,康恩贝,浙江,中成药,20040412
600573.SH,600573,惠泉啤酒,福建,啤酒,20030226
600575.SH,600575,淮河能源,安徽,火力发电,20030328
600576.SH,600576,祥源文旅,浙江,旅游景点,20030220
600577.SH,600577,精达股份,安徽,电气设备,20020911
600578.SH,600578,京能电力,北京,火力发电,20020510
600579.SH,600579,中化装备,山东,化工机械,20020809
600580.SH,600580,卧龙电驱,浙江,电气设备,20020606
600582.SH,600582,天地科技,北京,专用机械,20020515
600583.SH,600583,海油工程,天津,石油开采,20020205
600584.SH,600584,长电科技,江苏,半导体,20030603
600585.SH,600585,海螺水泥,安徽,水泥,20020207
600586.SH,600586,金晶科技,山东,玻璃,20020815
600587.SH,600587,新华医疗,山东,医疗保健,20020927
600588.SH,600588,用友网络,北京,软件服务,20010518
600589.SH,600589,大位科技,广东,软件服务,20010612
600590.SH,600590,泰豪科技,江西,通信设备,20020703
600592.SH,600592,龙溪股份,福建,机械基件,20020805
600593.SH,600593,大连圣亚,辽宁,旅游景点,20020711
600594.SH,600594,益佰制药,贵州,中成药,20040323
600595.SH,600595,中孚实业,河南,铝,20020626
600596.SH,600596,新安股份,浙江,化工原料,20010906
600597.SH,600597,光明乳业,上海,乳制品,20020828
600598.SH,600598,北大荒,黑龙江,种植业,20020329
600600.SH,600600,青岛啤酒,山东,啤酒,19930827
600601.SH,600601,方正科技,上海,元器件,19901219
600602.SH,600602,云赛智联,上海,软件服务,19901219
600603.SH,600603,广汇物流,四川,区域地产,19920113
600604.SH,600604,市北高新,上海,园区开发,19920327
600605.SH,600605,汇通能源,上海,房产服务,19920327
600606.SH,600606,绿地控股,上海,全国地产,19920327
600609.SH,600609,金杯汽车,辽宁,汽车配件,19920724
600610.SH,600610,中毅达,贵州,化工原料,19920805
600611.SH,600611,大众交通,上海,公共交通,19920807
600612.SH,600612,老凤祥,上海,服饰,19920814
600613.SH,600613,神奇制药,上海,中成药,19920820
600615.SH,600615,鑫源智造,重庆,铝,19920910
600616.SH,600616,金枫酒业,上海,红黄酒,19920929
600617.SH,600617,国新能源,山西,供气供热,19921013
600618.SH,600618,氯碱化工,上海,化工原料,19921113
600619.SH,600619,海立股份,上海,家用电器,19921116
600620.SH,600620,天宸股份,上海,综合类,19921117
600621.SH,600621,华鑫股份,上海,证券,19921202
600622.SH,600622,光大嘉宝,上海,区域地产,19921203
600623.SH,600623,华谊集团,上海,化工原料,19921204
600626.SH,600626,申达股份,上海,汽车配件,19930107
600628.SH,600628,新世界,上海,百货,19930119
600629.SH,600629,华建集团,上海,建筑工程,19930209
600630.SH,600630,龙头股份,上海,服饰,19930209
600633.SH,600633,浙数文化,浙江,互联网,19930304
600635.SH,600635,大众公用,上海,供气供热,19930304
600637.SH,600637,东方明珠,上海,影视音像,19930316
600638.SH,600638,新黄浦,上海,区域地产,19930326
600639.SH,600639,浦东金桥,上海,园区开发,19930326
600640.SH,600640,国脉文化,上海,影视音像,19930407
600641.SH,600641,先导基电,上海,半导体,19930407
600642.SH,600642,申能股份,上海,火力发电,19930416
600643.SH,600643,爱建集团,上海,多元金融,19930426
600644.SH,600644,乐山电力,四川,水力发电,19930426
600645.SH,600645,中源协和,天津,医疗保健,19930504
600648.SH,600648,外高桥,上海,园区开发,19930504
600649.SH,600649,城投控股,上海,区域地产,19930518
600650.SH,600650,锦江在线,上海,公共交通,19930607
600651.SH,600651,飞乐音响,上海,电器仪表,19901219
600653.SH,600653,申华控股,辽宁,汽车服务,19901219
600654.SH,600654,中安科,湖北,仓储物流,19901219
600655.SH,600655,豫园股份,上海,百货,19920902
600657.SH,600657,信达地产,北京,全国地产,19930524
600658.SH,600658,电子城,北京,园区开发,19930524
600660.SH,600660,福耀玻璃,福建,汽车配件,19930610
600661.SH,600661,昂立教育,上海,文教休闲,19930614
600662.SH,600662,外服控股,上海,文教休闲,19930614
600663.SH,600663,陆家嘴,上海,园区开发,19930628
600664.SH,600664,哈药股份,黑龙江,化学制药,19930629
600665.SH,600665,天地源,陕西,全国地产,19930709
600666.SH,600666,奥瑞德,黑龙江,元器件,19930712
600667.SH,600667,太极实业,江苏,半导体,19930728
600668.SH,600668,尖峰集团,浙江,水泥,19930728
600671.SH,600671,天目药业,浙江,中成药,19930823
600673.SH,600673,东阳光,广东,综合类,19930917
600674.SH,600674,川投能源,四川,水力发电,19930924
600675.SH,600675,中华企业,上海,区域地产,19930924
600676.SH,600676,交运股份,上海,汽车配件,19930928
600679.SH,600679,上海凤凰,上海,文教休闲,19931008
600681.SH,600681,百川能源,湖北,供气供热,19931018
600682.SH,600682,南京新百,江苏,生物制药,19931018
600683.SH,600683,京投发展,北京,区域地产,19931025
600684.SH,600684,珠江股份,广东,区域地产,19931028
600685.SH,600685,中船防务,广东,船舶,19931028
600686.SH,600686,金龙汽车,福建,汽车整车,19931108
600688.SH,600688,上海石化,上海,石油加工,19931108
600689.SH,600689,上海三毛,上海,综合类,19931108
600690.SH,600690,海尔智家,山东,家用电器,19931119
600691.SH,600691,潞化科技,山西,农药化肥,19931119
600692.SH,600692,亚通股份,上海,区域地产,19931119
600693.SH,600693,东百集团,福建,百货,19931122
600694.SH,600694,大商股份,辽宁,百货,19931122
600697.SH,600697,欧亚集团,吉林,百货,19931206
600698.SH,600698,湖南天雁,湖南,汽车配件,19931206
600699.SH,600699,均胜电子,浙江,汽车配件,19931206
600702.SH,600702,舍得酒业,四川,白酒,19960524
600703.SH,600703,三安光电,湖北,半导体,19960528
600704.SH,600704,物产中大,浙江,仓储物流,19960606
600706.SH,600706,曲江文旅,陕西,旅游景点,19960516
600707.SH,600707,彩虹股份,陕西,元器件,19960520
600708.SH,600708,光明地产,上海,全国地产,19960606
600710.SH,600710,苏美达,江苏,商贸代理,19960701
600711.SH,600711,盛屯矿业,福建,小金属,19960531
600712.SH,600712,南宁百货,广西,百货,19960626
600713.SH,600713,南京医药,江苏,医药商业,19960701
600714.SH,600714,金瑞矿业,青海,化工原料,19960606
600715.SH,600715,文投控股,北京,影视音像,19960701
600716.SH,600716,凤凰股份,江苏,区域地产,19960702
600717.SH,600717,天津港,天津,港口,19960614
600718.SH,600718,东软集团,辽宁,软件服务,19960618
600719.SH,600719,大连热电,辽宁,供气供热,19960716
600720.SH,600720,中交设计,甘肃,建筑工程,19960716
600721.SH,600721,百花医药,新疆,生物制药,19960626
600722.SH,600722,金牛化工,河北,化工原料,19960626
600724.SH,600724,宁波富达,浙江,综合类,19960716
600725.SH,600725,云维股份,云南,商贸代理,19960702
600726.SH,600726,华电能源,黑龙江,火力发电,19960701
600727.SH,600727,鲁北化工,山东,化工原料,19960702
600728.SH,600728,佳都科技,广东,软件服务,19960716
600729.SH,600729,重庆百货,重庆,百货,19960702
600731.SH,600731,湖南海利,湖南,农药化肥,19960802
600732.SH,600732,爱旭股份,上海,电气设备,19960816
600733.SH,600733,北汽蓝谷,北京,汽车整车,19960816
600736.SH,600736,苏州高新,江苏,园区开发,19960815
600737.SH,600737,中粮糖业,新疆,食品,19960731
600738.SH,600738,丽尚国潮,甘肃,百货,19960802
600739.SH,600739,辽宁成大,辽宁,生物制药,19960819
600740.SH,600740,山西焦化,山西,焦炭加工,19960808
600741.SH,600741,华域汽车,上海,汽车配件,19960826
600742.SH,600742,富维股份,吉林,汽车配件,19960826
600743.SH,600743,华远控股,北京,区域地产,19960909
600744.SH,600744,华银电力,湖南,火力发电,19960905
600746.SH,600746,江苏索普,江苏,化工原料,19960918
600748.SH,600748,上实发展,上海,全国地产,19960925
600749.SH,600749,西藏旅游,西藏,旅游景点,19961015
600750.SH,600750,华润江中,江西,中成药,19960923
600751.SH,600751,海航科技,天津,水运,19960909
600754.SH,600754,锦江酒店,上海,酒店餐饮,19961011
600755.SH,600755,厦门国贸,福建,仓储物流,19961003
600756.SH,600756,浪潮软件,山东,软件服务,19960923
600757.SH,600757,长江传媒,湖北,出版业,19961003
600758.SH,600758,辽宁能源,辽宁,煤炭开采,19961029
600760.SH,600760,中航沈飞,山东,航空,19961011
600761.SH,600761,安徽合力,安徽,工程机械,19961009
600763.SH,600763,通策医疗,浙江,医疗保健,19961030
600764.SH,600764,中国海防,北京,船舶,19961104
600765.SH,600765,中航重机,贵州,航空,19961106
600768.SH,600768,宁波富邦,浙江,铝,19961111
600769.SH,600769,祥龙电业,湖北,水务,19961101
600770.SH,600770,综艺股份,江苏,综合类,19961120
600771.SH,600771,广誉远,山西,中成药,19961105
600773.SH,600773,西藏城投,西藏,区域地产,19961108
600774.SH,600774,汉商集团,湖北,化学制药,19961108
600775.SH,600775,南京熊猫,江苏,通信设备,19961118
600776.SH,600776,东方通信,浙江,通信设备,19961126
600778.SH,600778,友好集团,新疆,百货,19961203
600779.SH,600779,水井坊,四川,白酒,19961206
600780.SH,600780,通宝能源,山西,火力发电,19961205
600782.SH,600782,新钢股份,江西,普钢,19961225
600783.SH,600783,鲁信创投,山东,专用机械,19961225
600784.SH,600784,鲁银投资,山东,综合类,19961225
600785.SH,600785,新华百货,宁夏,百货,19970108
600787.SH,600787,中储股份,天津,仓储物流,19970121
600789.SH,600789,鲁抗医药,山东,化学制药,19970226
600790.SH,600790,轻纺城,浙江,商品城,19970228
600791.SH,600791,京能置业,北京,全国地产,19970130
600792.SH,600792,云煤能源,云南,焦炭加工,19970123
600793.SH,600793,宜宾纸业,四川,造纸,19970220
600794.SH,600794,保税科技,江苏,仓储物流,19970306
600795.SH,600795,国电电力,辽宁,火力发电,19970318
600796.SH,600796,钱江生化,浙江,环境保护,19970408
600797.SH,600797,浙大网新,浙江,软件服务,19970418
600798.SH,600798,宁波海运,浙江,水运,19970423
600800.SH,600800,渤海化学,天津,化工原料,19931206
600801.SH,600801,华新建材,湖北,水泥,19940103
600802.SH,600802,福建水泥,福建,水泥,19940103
600803.SH,600803,新奥股份,河北,供气供热,19940103
600805.SH,600805,悦达投资,江苏,综合类,19940103
600807.SH,600807,济高发展,山东,医疗保健,19940103
600808.SH,600808,马钢股份,安徽,普钢,19940106
600809.SH,600809,山西汾酒,山西,白酒,19940106
600810.SH,600810,神马股份,河南,化纤,19940106
600812.SH,600812,华北制药,河北,化学制药,19940114
600814.SH,600814,杭州解百,浙江,百货,19940114
600815.SH,600815,厦工股份,福建,工程机械,19940128
600816.SH,600816,建元信托,上海,多元金融,19940128
600817.SH,600817,宇通重工,河南,专用机械,19940128
600819.SH,600819,耀皮玻璃,上海,玻璃,19940128
600820.SH,600820,隧道股份,上海,建筑工程,19940128
600821.SH,600821,金开新能,天津,新型电力,19940128
600822.SH,600822,上海物贸,上海,汽车服务,19940204
600824.SH,600824,益民集团,上海,百货,19940204
600825.SH,600825,新华传媒,上海,出版业,19940204
600826.SH,600826,兰生股份,上海,文教休闲,19940204
600827.SH,600827,百联股份,上海,超市连锁,19940204
600828.SH,600828,茂业商业,四川,百货,19940224
600829.SH,600829,人民同泰,黑龙江,医药商业,19940224
600830.SH,600830,香溢融通,浙江,多元金融,19940224
600831.SH,600831,广电网络,陕西,影视音像,19940224
600833.SH,600833,第一医药,上海,医药商业,19940224
600834.SH,600834,申通地铁,上海,公共交通,19940224
600835.SH,600835,上海机电,上海,运输设备,19940224
600838.SH,600838,上海九百,上海,百货,19940224
600839.SH,600839,四川长虹,四川,家用电器,19940311
600841.SH,600841,动力新科,上海,汽车配件,19940311
600843.SH,600843,上工申贝,上海,纺织机械,19940311
600844.SH,600844,金煤科技,内蒙,化工原料,19940311
600845.SH,600845,宝信软件,上海,软件服务,19940311
600846.SH,600846,同济科技,上海,建筑工程,19940311
600847.SH,600847,万里股份,重庆,电气设备,19940324
600848.SH,600848,上海临港,上海,园区开发,19940324
601607.SH,601607,上海医药,上海,医药商业,19940324
600850.SH,600850,电科数字,上海,软件服务,19940324
600851.SH,600851,海欣股份,上海,化学制药,19940404
600853.SH,600853,龙建股份,黑龙江,建筑工程,19940404
600854.SH,600854,春兰股份,江苏,家用电器,19940425
600855.SH,600855,航天长峰,北京,专用机械,19940425
600857.SH,600857,宁波中百,浙江,百货,19940425
600858.SH,600858,银座股份,山东,百货,19940506
600859.SH,600859,王府井,北京,百货,19940506
600860.SH,600860,京城股份,北京,专用机械,19940506
600861.SH,600861,北京人力,北京,文教休闲,19940520
600862.SH,600862,中航高科,江苏,航空,19940520
600863.SH,600863,华能蒙电,内蒙,火力发电,19940520
600864.SH,600864,哈投股份,黑龙江,证券,19940809
600865.SH,600865,百大集团,浙江,百货,19940809
600866.SH,600866,星湖科技,广东,饲料,19940818
600867.SH,600867,通化东宝,吉林,生物制药,19940824
600868.SH,600868,梅雁吉祥,广东,水力发电,19940912
600869.SH,600869,远东股份,青海,电气设备,19950206
600871.SH,600871,石化油服,北京,石油开采,19950411
600872.SH,600872,中炬高新,广东,食品,19950124
600873.SH,600873,梅花生物,西藏,食品,19950217
600874.SH,600874,创业环保,天津,环境保护,19950630
600875.SH,600875,东方电气,四川,电气设备,19951010
600876.SH,600876,凯盛新能,河南,玻璃,19951031
600877.SH,600877,电科芯片,重庆,半导体,19951013
600879.SH,600879,航天电子,湖北,航空,19951115
600880.SH,600880,博瑞传播,四川,广告包装,19951115
600881.SH,600881,亚泰集团,吉林,综合类,19951115
600882.SH,600882,妙可蓝多,上海,乳制品,19951206
600883.SH,600883,博闻科技,云南,种植业,19951208
600884.SH,600884,杉杉股份,浙江,电气设备,19960130
600885.SH,600885,宏发股份,湖北,电气设备,19960205
600886.SH,600886,国投电力,北京,水力发电,19960118
600887.SH,600887,伊利股份,内蒙,乳制品,19960312
600888.SH,600888,新疆众和,新疆,铝,19960215
600893.SH,600893,航发动力,陕西,航空,19960408
600894.SH,600894,广日股份,广东,运输设备,19960328
600895.SH,600895,张江高科,上海,园区开发,19960422
600897.SH,600897,厦门空港,福建,机场,19960531
600900.SH,600900,长江电力,北京,水力发电,20031118
600960.SH,600960,渤海汽车,山东,汽车配件,20040407
600963.SH,600963,岳阳林纸,湖南,造纸,20040525
600966.SH,600966,博汇纸业,山东,造纸,20040608
600967.SH,600967,内蒙一机,内蒙,运输设备,20040518
600969.SH,600969,郴电国际,湖南,水力发电,20040408
600975.SH,600975,新五丰,湖南,农业综合,20040609
600976.SH,600976,健民集团,湖北,中成药,20040419
600980.SH,600980,北矿科技,北京,专用机械,20040512
600985.SH,600985,淮北矿业,安徽,煤炭开采,20040428
600986.SH,600986,浙文互联,浙江,互联网,20040426
600988.SH,600988,赤峰黄金,内蒙,黄金,20040414
600990.SH,600990,四创电子,安徽,通信设备,20040510
600992.SH,600992,贵绳股份,贵州,钢加工,20040514
600993.SH,600993,马应龙,湖北,中成药,20040517
600995.SH,600995,南网储能,云南,水力发电,20040615
600997.SH,600997,开滦股份,河北,焦炭加工,20040602
002017.SZ,2017,东信和平,广东,通信设备,20040713
002003.SZ,2003,伟星股份,浙江,服饰,20040625
002004.SZ,2004,华邦健康,重庆,农药化肥,20040625
002006.SZ,2006,精工科技,浙江,专用机械,20040625
002007.SZ,2007,华兰生物,河南,生物制药,20040625
002008.SZ,2008,大族激光,深圳,专用机械,20040625
002009.SZ,2009,天奇股份,江苏,工程机械,20040629
002010.SZ,2010,传化智联,浙江,仓储物流,20040629
002011.SZ,2011,盾安环境,浙江,家用电器,20040705
002012.SZ,2012,凯恩股份,浙江,造纸,20040705
002014.SZ,2014,永新股份,安徽,塑料,20040708
002015.SZ,2015,协鑫能科,江苏,新型电力,20040708
002016.SZ,2016,世荣兆业,广东,区域地产,20040708
002019.SZ,2019,亿帆医药,浙江,化学制药,20040713
002020.SZ,2020,京新药业,浙江,化学制药,20040715
002021.SZ,2021,中捷资源,浙江,纺织机械,20040715
002022.SZ,2022,科华生物,上海,医疗保健,20040721
002023.SZ,2023,海特高新,四川,航空,20040721
002025.SZ,2025,航天电器,贵州,元器件,20040726
002026.SZ,2026,山东威达,山东,机械基件,20040727
002027.SZ,2027,分众传媒,上海,广告包装,20040804
002028.SZ,2028,思源电气,上海,电气设备,20040805
002029.SZ,2029,七匹狼,福建,服饰,20040806
002030.SZ,2030,达安基因,广东,医疗保健,20040809
002031.SZ,2031,巨轮智能,广东,汽车配件,20040816
002032.SZ,2032,苏泊尔,浙江,家用电器,20040817
002033.SZ,2033,丽江股份,云南,旅游景点,20040825
002034.SZ,2034,旺能环境,浙江,环境保护,20040826
002035.SZ,2035,华帝股份,广东,家用电器,20040901
002036.SZ,2036,联创电子,江西,元器件,20040903
002037.SZ,2037,保利联合,贵州,化工原料,20040908
002038.SZ,2038,双鹭药业,北京,生物制药,20040909
600022.SH,600022,山东钢铁,山东,普钢,20040629
600143.SH,600143,金发科技,广东,塑料,20040623
600482.SH,600482,中国动力,河北,船舶,20040714
600961.SH,600961,株冶集团,湖南,铅锌,20040830
600962.SH,600962,国投中鲁,北京,软饮料,20040622
600971.SH,600971,恒源煤电,安徽,煤炭开采,20040817
600973.SH,600973,宝胜股份,江苏,电气设备,20040802
600979.SH,600979,广安爱众,四川,水力发电,20040906
600981.SH,600981,苏豪汇鸿,江苏,商贸代理,20040630
600982.SH,600982,宁波能源,浙江,供气供热,20040706
600983.SH,600983,惠而浦,安徽,家用电器,20040727
600984.SH,600984,建设机械,陕西,工程机械,20040707
600987.SH,600987,航民股份,浙江,纺织,20040809
600027.SH,600027,华电国际,山东,火力发电,20050203
002039.SZ,2039,黔源电力,贵州,水力发电,20050303
002040.SZ,2040,南京港,江苏,港口,20050325
600970.SH,600970,中材国际,江苏,建筑工程,20050412
002041.SZ,2041,登海种业,山东,种植业,20050418
002042.SZ,2042,华孚时尚,安徽,纺织,20050427
002043.SZ,2043,兔宝宝,浙江,其他建材,20050510
002044.SZ,2044,美年健康,浙江,医疗保健,20050518
002045.SZ,2045,国光电器,广东,元器件,20050523
002046.SZ,2046,国机精工,河南,机械基件,20050526
002048.SZ,2048,宁波华翔,浙江,汽车配件,20050603
002049.SZ,2049,紫光国微,河北,半导体,20050606
002050.SZ,2050,三花智控,浙江,家用电器,20050607
300150.SZ,300150,世纪瑞尔,北京,软件服务,20101222
002051.SZ,2051,中工国际,北京,建筑工程,20060619
002052.SZ,2052,同洲电子,深圳,家用电器,20060627
002053.SZ,2053,云南能投,云南,新型电力,20060627
601001.SH,601001,晋控煤业,山西,煤炭开采,20060623
601988.SH,601988,中国银行,北京,银行,20060705
002054.SZ,2054,德美化工,广东,染料涂料,20060725
002056.SZ,2056,横店东磁,浙江,电气设备,20060802
600048.SH,600048,保利发展,广东,全国地产,20060731
002057.SZ,2057,中钢天源,安徽,矿物制品,20060802
002059.SZ,2059,云南旅游,云南,旅游景点,20060810
601006.SH,601006,大秦铁路,山西,铁路,20060801
002060.SZ,2060,广东建工,广东,建筑工程,20060810
002061.SZ,2061,浙江交科,浙江,建筑工程,20060816
002062.SZ,2062,宏润建设,浙江,建筑工程,20060816
002063.SZ,2063,远光软件,广东,软件服务,20060823
002064.SZ,2064,华峰化学,浙江,化纤,20060823
002065.SZ,2065,东华软件,北京,软件服务,20060823
002066.SZ,2066,瑞泰科技,北京,其他建材,20060823
601111.SH,601111,中国国航,北京,空运,20060818
002067.SZ,2067,景兴纸业,浙江,造纸,20060915
002068.SZ,2068,黑猫股份,江西,化工原料,20060915
300016.SZ,300016,北陆药业,北京,化学制药,20091030
300271.SZ,300271,华宇软件,北京,软件服务,20111026
601699.SH,601699,潞安环能,山西,煤炭开采,20060922
002069.SZ,2069,獐子岛,辽宁,渔业,20060928
002279.SZ,2279,久其软件,北京,软件服务,20090811
002072.SZ,2072,凯瑞德,湖北,商贸代理,20061018
601588.SH,601588,北辰实业,北京,区域地产,20061016
002073.SZ,2073,软控股份,山东,专用机械,20061018
600017.SH,600017,日照港,山东,港口,20061017
002074.SZ,2074,国轩高科,安徽,电气设备,20061018
002075.SZ,2075,沙钢股份,江苏,特种钢,20061025
601398.SH,601398,工商银行,北京,银行,20061027
002079.SZ,2079,苏州固锝,江苏,电气设备,20061116
002078.SZ,2078,太阳纸业,山东,造纸,20061116
002077.SZ,2077,大港股份,江苏,半导体,20061116
600018.SH,600018,上港集团,上海,港口,20061026
002080.SZ,2080,中材科技,江苏,玻璃,20061120
002081.SZ,2081,金螳螂,江苏,装修装饰,20061120
601666.SH,601666,平煤股份,河南,煤炭开采,20061123
002083.SZ,2083,孚日股份,山东,纺织,20061124
002084.SZ,2084,海鸥住工,广东,家居用品,20061124
002085.SZ,2085,万丰奥威,浙江,汽车配件,20061128
002086.SZ,2086,东方海洋,山东,渔业,20061128
002088.SZ,2088,鲁阳节能,山东,矿物制品,20061130
601872.SH,601872,招商轮船,上海,水运,20061201
002090.SZ,2090,金智科技,江苏,电气设备,20061208
002091.SZ,2091,江苏国泰,江苏,商贸代理,20061208
002092.SZ,2092,中泰化学,新疆,化工原料,20061208
601991.SH,601991,大唐发电,北京,火力发电,20061220
002095.SZ,2095,生意宝,浙江,互联网,20061215
002094.SZ,2094,青岛金王,山东,日用化工,20061215
002093.SZ,2093,国脉科技,福建,文教休闲,20061215
002101.SZ,2101,广东鸿图,广东,汽车配件,20061229
002099.SZ,2099,海翔药业,浙江,化学制药,20061226
002100.SZ,2100,天康生物,新疆,饲料,20061226
002097.SZ,2097,山河智能,湖南,工程机械,20061222
002096.SZ,2096,易普力,湖南,化工原料,20061222
002098.SZ,2098,浔兴股份,福建,服饰,20061222
002103.SZ,2103,广博股份,浙江,文教休闲,20070110
002105.SZ,2105,信隆健康,深圳,摩托车,20070112
601333.SH,601333,广深铁路,深圳,铁路,20061222
002104.SZ,2104,恒宝股份,江苏,通信设备,20070110
002110.SZ,2110,三钢闽光,福建,普钢,20070126
002108.SZ,2108,沧州明珠,河北,塑料,20070124
002106.SZ,2106,莱宝高科,深圳,元器件,20070112
601002.SH,601002,晋亿实业,浙江,机械基件,20070126
601628.SH,601628,中国人寿,北京,保险,20070109
002107.SZ,2107,沃华医药,山东,中成药,20070124
002111.SZ,2111,威海广泰,山东,航空,20070126
002121.SZ,2121,科陆电子,深圳,电器仪表,20070306
002112.SZ,2112,三变科技,浙江,电气设备,20070208
002114.SZ,2114,罗平锌电,云南,铅锌,20070215
002115.SZ,2115,三维通信,浙江,互联网,20070215
002120.SZ,2120,韵达股份,浙江,仓储物流,20070306
002116.SZ,2116,中国海诚,上海,建筑工程,20070215
002117.SZ,2117,东港股份,山东,广告包装,20070302
601166.SH,601166,兴业银行,福建,银行,20070205
002119.SZ,2119,康强电子,浙江,半导体,20070302
601003.SH,601003,柳钢股份,广西,普钢,20070227
002124.SZ,2124,天邦食品,浙江,农业综合,20070403
601005.SH,601005,重庆钢铁,重庆,普钢,20070228
601318.SH,601318,中国平安,深圳,保险,20070301
002123.SZ,2123,梦网科技,辽宁,互联网,20070328
601007.SH,601007,金陵饭店,江苏,酒店餐饮,20070406
002125.SZ,2125,湘潭电化,湖南,化工原料,20070403
300318.SZ,300318,博晖创新,北京,医疗保健,20120523
002126.SZ,2126,银轮股份,浙江,汽车配件,20070418
601008.SH,601008,连云港,江苏,港口,20070426
002130.SZ,2130,沃尔核材,深圳,电气设备,20070420
002129.SZ,2129,TCL中环,天津,电气设备,20070420
002127.SZ,2127,南极电商,江苏,互联网,20070418
002131.SZ,2131,利欧股份,浙江,互联网,20070427
002132.SZ,2132,恒星科技,河南,钢加工,20070427
002134.SZ,2134,天津普林,天津,元器件,20070516
002135.SZ,2135,东南网架,浙江,钢加工,20070530
002136.SZ,2136,安纳达,安徽,化工原料,20070530
002133.SZ,2133,广宇集团,浙江,全国地产,20070427
000338.SZ,338,潍柴动力,山东,汽车配件,20070430
002128.SZ,2128,电投能源,内蒙,煤炭开采,20070418
601998.SH,601998,中信银行,北京,银行,20070427
002139.SZ,2139,拓邦股份,深圳,元器件,20070629
601328.SH,601328,交通银行,上海,银行,20070515
601600.SH,601600,中国铝业,北京,铝,20070430
002137.SZ,2137,实益达,深圳,元器件,20070613
002138.SZ,2138,顺络电子,深圳,元器件,20070613
002170.SZ,2170,芭田股份,深圳,农药化肥,20070919
002140.SZ,2140,东华科技,安徽,建筑工程,20070712
601919.SH,601919,中远海控,天津,水运,20070626
601168.SH,601168,西部矿业,青海,铜,20070712
002144.SZ,2144,宏达高科,浙江,纺织,20070803
002141.SZ,2141,贤丰控股,广东,农业综合,20070720
002142.SZ,2142,宁波银行,浙江,银行,20070719
601009.SH,601009,南京银行,江苏,银行,20070719
002153.SZ,2153,石基信息,北京,软件服务,20070813
002146.SZ,2146,荣盛发展,河北,全国地产,20070808
002159.SZ,2159,三特索道,湖北,旅游服务,20070817
002148.SZ,2148,北纬科技,北京,互联网,20070810
002150.SZ,2150,正泰电源,江苏,机械基件,20070810
002152.SZ,2152,广电运通,广东,IT设备,20070813
002149.SZ,2149,西部材料,陕西,小金属,20070810
002157.SZ,2157,正邦科技,江西,农业综合,20070817
002155.SZ,2155,湖南黄金,湖南,黄金,20070816
002151.SZ,2151,北斗星通,北京,通信设备,20070813
002156.SZ,2156,通富微电,江苏,半导体,20070816
002145.SZ,2145,钛能化学,甘肃,化工原料,20070803
002158.SZ,2158,汉钟精机,上海,工程机械,20070817
002160.SZ,2160,常铝股份,江苏,铝,20070821
002161.SZ,2161,远望谷,深圳,通信设备,20070821
002254.SZ,2254,泰和新材,山东,化纤,20080625
002154.SZ,2154,报喜鸟,浙江,服饰,20070816
002164.SZ,2164,宁波东力,浙江,机械基件,20070823
002162.SZ,2162,悦心健康,上海,陶瓷,20070823
002163.SZ,2163,海南发展,深圳,装修装饰,20070823
002169.SZ,2169,智光电气,广东,电气设备,20070919
002167.SZ,2167,东方锆业,广东,小金属,20070913
002171.SZ,2171,楚江新材,安徽,铜,20070921
002165.SZ,2165,红宝丽,江苏,化工原料,20070913
002192.SZ,2192,融捷股份,广东,小金属,20071205
002166.SZ,2166,莱茵生物,广西,中成药,20070913
002172.SZ,2172,澳洋健康,江苏,医疗保健,20070921
002174.SZ,2174,游族网络,福建,互联网,20070925
601169.SH,601169,北京银行,北京,银行,20070919
002173.SZ,2173,创新医疗,浙江,医疗保健,20070925
002176.SZ,2176,江特电机,江西,小金属,20071012
002179.SZ,2179,中航光电,河南,元器件,20071101
002177.SZ,2177,御银股份,广东,其他商业,20071101
002180.SZ,2180,奔图科技,广东,IT设备,20071113
601939.SH,601939,建设银行,北京,银行,20070925
002178.SZ,2178,延华智能,上海,软件服务,20071101
601808.SH,601808,中海油服,天津,石油开采,20070928
002183.SZ,2183,怡亚通,深圳,仓储物流,20071113
002185.SZ,2185,华天科技,甘肃,半导体,20071120
002182.SZ,2182,宝武镁业,江苏,小金属,20071113
002184.SZ,2184,海得控制,上海,机械基件,20071116
601088.SH,601088,中国神华,北京,煤炭开采,20071009
002189.SZ,2189,中光学,河南,元器件,20071203
601857.SH,601857,中国石油,北京,石油开采,20071105
002188.SZ,2188,中天服务,浙江,房产服务,20071122
002187.SZ,2187,广百股份,广东,百货,20071122
002186.SZ,2186,全聚德,北京,酒店餐饮,20071120
002196.SZ,2196,方正电机,浙江,纺织机械,20071212
002208.SZ,2208,合肥城建,安徽,区域地产,20080128
002190.SZ,2190,成飞集成,四川,汽车配件,20071203
002191.SZ,2191,劲嘉股份,深圳,广告包装,20071205
002194.SZ,2194,武汉凡谷,湖北,通信设备,20071207
002195.SZ,2195,岩山科技,上海,软件服务,20071212
300213.SZ,300213,佳讯飞鸿,北京,通信设备,20110505
601390.SH,601390,中国中铁,北京,建筑工程,20071203
601918.SH,601918,新集能源,安徽,煤炭开采,20071219
002197.SZ,2197,证通电子,深圳,IT设备,20071218
002201.SZ,2201,九鼎新材,江苏,玻璃,20071226
002203.SZ,2203,海亮股份,浙江,铜,20080116
601999.SH,601999,出版传媒,辽宁,出版业,20071221
002202.SZ,2202,金风科技,新疆,电气设备,20071226
601866.SH,601866,中远海发,上海,水运,20071212
002204.SZ,2204,大连重工,辽宁,专用机械,20080116
002205.SZ,2205,国统股份,新疆,水泥,20080123
601601.SH,601601,中国太保,上海,保险,20071225
002206.SZ,2206,海利得,浙江,化纤,20080123
002209.SZ,2209,达意隆,广东,轻工机械,20080130
002210.SZ,2210,飞马国际,深圳,环境保护,20080130
002213.SZ,2213,大为股份,深圳,半导体,20080201
601099.SH,601099,太平洋,云南,证券,20071228
002212.SZ,2212,天融信,广东,软件服务,20080201
002216.SZ,2216,三全食品,河南,食品,20080220
601899.SH,601899,紫金矿业,福建,铜,20080425
002215.SZ,2215,诺普信,深圳,农药化肥,20080218
002226.SZ,2226,江南化工,安徽,化工原料,20080506
002217.SZ,2217,合力泰,福建,元器件,20080220
002218.SZ,2218,拓日新能,深圳,新型电力,20080228
002222.SZ,2222,福晶科技,福建,元器件,20080319
601898.SH,601898,中煤能源,北京,煤炭开采,20080201
002221.SZ,2221,东华能源,广东,石油加工,20080306
002224.SZ,2224,三力士,浙江,橡胶,20080425
002219.SZ,2219,新里程,甘肃,医疗保健,20080306
601958.SH,601958,金钼股份,陕西,小金属,20080417
601186.SH,601186,中国铁建,北京,建筑工程,20080310
002223.SZ,2223,鱼跃医疗,江苏,医疗保健,20080418
002225.SZ,2225,濮耐股份,河南,其他建材,20080425
002228.SZ,2228,合兴包装,福建,广告包装,20080508
002244.SZ,2244,滨江集团,浙江,区域地产,20080529
002230.SZ,2230,科大讯飞,安徽,软件服务,20080512
002237.SZ,2237,恒邦股份,山东,黄金,20080520
002235.SZ,2235,安妮股份,福建,造纸,20080516
002232.SZ,2232,启明信息,吉林,软件服务,20080509
002249.SZ,2249,大洋电机,广东,电气设备,20080619
002229.SZ,2229,鸿博股份,福建,广告包装,20080508
002234.SZ,2234,民和股份,山东,农业综合,20080516
002246.SZ,2246,北化股份,四川,化工原料,20080605
002233.SZ,2233,塔牌集团,广东,水泥,20080516
002243.SZ,2243,力合科创,深圳,广告包装,20080528
002236.SZ,2236,大华股份,浙江,IT设备,20080520
002265.SZ,2265,建设工业,云南,专用机械,20080806
002252.SZ,2252,上海莱士,上海,生物制药,20080623
002240.SZ,2240,盛新锂能,四川,小金属,20080523
002247.SZ,2247,聚力文化,浙江,其他建材,20080612
002239.SZ,2239,奥特佳,江苏,汽车配件,20080522
002238.SZ,2238,天威视讯,深圳,影视音像,20080526
002242.SZ,2242,九阳股份,山东,家用电器,20080528
002245.SZ,2245,蔚蓝锂芯,江苏,电气设备,20080605
002241.SZ,2241,歌尔股份,山东,元器件,20080522
002248.SZ,2248,华东数控,山东,机床制造,20080612
002263.SZ,2263,大东南,浙江,塑料,20080728
002274.SZ,2274,华昌化工,江苏,农药化肥,20080925
002251.SZ,2251,步步高,湖南,超市连锁,20080619
002256.SZ,2256,兆新股份,深圳,新型电力,20080625
002261.SZ,2261,拓维信息,湖南,软件服务,20080723
002255.SZ,2255,海陆重工,江苏,专用机械,20080625
002259.SZ,2259,升达林业,四川,供气供热,20080716
002262.SZ,2262,恩华药业,江苏,化学制药,20080723
002264.SZ,2264,新华都,福建,互联网,20080731
002258.SZ,2258,利尔化学,四川,农药化肥,20080708
002250.SZ,2250,联化科技,浙江,化工原料,20080619
601668.SH,601668,中国建筑,北京,建筑工程,20090729
002267.SZ,2267,陕天然气,陕西,供气供热,20080813
002268.SZ,2268,电科网安,四川,IT设备,20080811
002271.SZ,2271,东方雨虹,北京,其他建材,20080910
002269.SZ,2269,美邦服饰,上海,服饰,20080828
002270.SZ,2270,华明装备,山东,电气设备,20080905
002272.SZ,2272,川润股份,四川,机械基件,20080919
002266.SZ,2266,浙富控股,浙江,环境保护,20080806
002275.SZ,2275,桂林三金,广西,中成药,20090710
002273.SZ,2273,水晶光电,浙江,元器件,20080919
002396.SZ,2396,星网锐捷,福建,通信设备,20100623
601107.SH,601107,四川成渝,四川,路桥,20090727
601766.SH,601766,中国中车,北京,运输设备,20080818
601788.SH,601788,光大证券,上海,证券,20090818
002276.SZ,2276,万马股份,浙江,电气设备,20090710
002282.SZ,2282,博深股份,河北,机械基件,20090821
002284.SZ,2284,亚太股份,浙江,汽车配件,20090828
002283.SZ,2283,天润工业,山东,汽车配件,20090821
002362.SZ,2362,汉王科技,北京,软件服务,20100303
002277.SZ,2277,友阿股份,湖南,百货,20090717
601727.SH,601727,上海电气,上海,电气设备,20081205
002278.SZ,2278,神开股份,上海,化工机械,20090811
002461.SZ,2461,珠江啤酒,广东,啤酒,20100818
002285.SZ,2285,世联行,深圳,房产服务,20090828
002281.SZ,2281,光迅科技,湖北,通信设备,20090821
002287.SZ,2287,奇正藏药,西藏,中成药,20090828
002286.SZ,2286,保龄宝,山东,食品,20090828
300370.SZ,300370,安控科技,四川,电器仪表,20140123
002290.SZ,2290,禾盛新材,江苏,家用电器,20090903
002296.SZ,2296,辉煌科技,河南,通信设备,20090929
002295.SZ,2295,精艺股份,广东,铜,20090929
002291.SZ,2291,遥望科技,广东,广告包装,20090903
002300.SZ,2300,太阳电缆,福建,电气设备,20091021
002292.SZ,2292,奥飞娱乐,广东,影视音像,20090910
002293.SZ,2293,罗莱生活,江苏,纺织,20090910
002294.SZ,2294,信立泰,深圳,化学制药,20090910
600999.SH,600999,招商证券,深圳,证券,20091117
002297.SZ,2297,博云新材,湖南,航空,20090929
300002.SZ,300002,神州泰岳,北京,互联网,20091030
002599.SZ,2599,盛通股份,北京,广告包装,20110715
601126.SH,601126,四方股份,北京,电气设备,20101231
601633.SH,601633,长城汽车,河北,汽车整车,20110928
002467.SZ,2467,二六三,北京,互联网,20100908
002446.SZ,2446,盛路通信,广东,通信设备,20100713
002448.SZ,2448,中原内配,河南,汽车配件,20100716
002438.SZ,2438,江苏神通,江苏,机械基件,20100623
002490.SZ,2490,山东墨龙,山东,化工机械,20101021
002419.SZ,2419,天虹股份,深圳,百货,20100601
300445.SZ,300445,康斯特,北京,电器仪表,20150424
300353.SZ,300353,东土科技,北京,通信设备,20120927
300444.SZ,300444,双杰电气,北京,电气设备,20150423
002298.SZ,2298,中电鑫龙,安徽,电气设备,20090929
002506.SZ,2506,协鑫集成,上海,电气设备,20101118
601888.SH,601888,中国中免,北京,旅游服务,20091015
002299.SZ,2299,圣农发展,福建,农业综合,20091021
002301.SZ,2301,齐心集团,深圳,文教休闲,20091021
002489.SZ,2489,浙江永强,浙江,家居用品,20101021
002304.SZ,2304,洋河股份,江苏,白酒,20091106
002365.SZ,2365,永安药业,湖北,化学制药,20100305
002302.SZ,2302,西部建设,新疆,水泥,20091103
002307.SZ,2307,北新路桥,新疆,建筑工程,20091111
002350.SZ,2350,北京科锐,北京,电气设备,20100203
002315.SZ,2315,焦点科技,江苏,互联网,20091209
002303.SZ,2303,美盈森,深圳,造纸,20091103
002756.SZ,2756,永兴材料,浙江,小金属,20150515
002310.SZ,2310,东方新能,北京,新型电力,20091127
601139.SH,601139,深圳燃气,深圳,供气供热,20091225
002309.SZ,2309,中利集团,江苏,电气设备,20091127
002311.SZ,2311,海大集团,广东,饲料,20091127
002312.SZ,2312,川发龙蟒,四川,化工原料,20091203
002523.SZ,2523,天桥起重,湖南,专用机械,20101210
601618.SH,601618,中国中冶,北京,建筑工程,20090921
002313.SZ,2313,日海智能,深圳,通信设备,20091203
002314.SZ,2314,南山控股,深圳,区域地产,20091203
002316.SZ,2316,亚联发展,吉林,软件服务,20091209
002356.SZ,2356,赫美集团,深圳,其他商业,20100209
601117.SH,601117,中国化学,北京,建筑工程,20100107
002318.SZ,2318,久立特材,浙江,特种钢,20091211
002327.SZ,2327,富安娜,深圳,纺织,20091230
002317.SZ,2317,众生药业,广东,中成药,20091211
002319.SZ,2319,乐通股份,广东,染料涂料,20091211
002474.SZ,2474,榕基软件,福建,软件服务,20100915
002321.SZ,2321,华英农业,河南,农业综合,20091216
300001.SZ,300001,特锐德,山东,电气设备,20091030
002331.SZ,2331,皖通科技,安徽,软件服务,20100106
300004.SZ,300004,南风股份,广东,电气设备,20091030
300008.SZ,300008,天海防务,上海,船舶,20091030
300003.SZ,300003,乐普医疗,北京,医疗保健,20091030
300006.SZ,300006,莱美药业,重庆,化学制药,20091030
300007.SZ,300007,汉威科技,河南,电器仪表,20091030
300014.SZ,300014,亿纬锂能,广东,电气设备,20091030
300009.SZ,300009,安科生物,安徽,生物制药,20091030
300011.SZ,300011,鼎汉技术,北京,运输设备,20091030
300005.SZ,300005,探路者,北京,服饰,20091030
300013.SZ,300013,新宁物流,河南,仓储物流,20091030
601801.SH,601801,皖新传媒,安徽,出版业,20100118
002328.SZ,2328,新朋股份,上海,汽车配件,20091230
300012.SZ,300012,华测检测,深圳,电器仪表,20091030
300018.SZ,300018,中元股份,湖北,电气设备,20091030
300071.SZ,300071,福石控股,北京,广告包装,20100421
300017.SZ,300017,网宿科技,上海,软件服务,20091030
300015.SZ,300015,爱尔眼科,湖南,医疗保健,20091030
300019.SZ,300019,硅宝科技,四川,化工原料,20091030
300022.SZ,300022,吉峰科技,四川,农用机械,20091030
300024.SZ,300024,机器人,辽宁,专用机械,20091030
300021.SZ,300021,大禹节水,甘肃,建筑工程,20091030
300033.SZ,300033,同花顺,浙江,软件服务,20091225
002320.SZ,2320,海峡股份,海南,水运,20091216
601877.SH,601877,正泰电器,浙江,电气设备,20100121
300026.SZ,300026,红日药业,天津,中成药,20091030
300025.SZ,300025,华星创业,浙江,通信设备,20091030
002324.SZ,2324,普利特,上海,塑料,20091218
002322.SZ,2322,理工能科,浙江,软件服务,20091218
002326.SZ,2326,永太科技,浙江,化工原料,20091222
002330.SZ,2330,得利斯,山东,食品,20100106
002329.SZ,2329,皇氏集团,广西,乳制品,20100106
002333.SZ,2333,罗普斯金,江苏,其他建材,20100112
002332.SZ,2332,仙琚制药,浙江,化学制药,20100112
002334.SZ,2334,英威腾,深圳,电气设备,20100113
002337.SZ,2337,赛象科技,天津,化工机械,20100115
002335.SZ,2335,科华数据,福建,电气设备,20100113
002338.SZ,2338,奥普光电,吉林,电器仪表,20100115
002340.SZ,2340,格林美,深圳,小金属,20100122
002561.SZ,2561,徐家汇,上海,百货,20110303
002339.SZ,2339,积成电子,山东,电气设备,20100122
002344.SZ,2344,海宁皮城,浙江,商品城,20100126
300031.SZ,300031,宝通科技,江苏,互联网,20091225
300139.SZ,300139,晓程科技,北京,黄金,20101112
002342.SZ,2342,巨力索具,河北,机械基件,20100126
002343.SZ,2343,慈文传媒,江西,影视音像,20100126
002345.SZ,2345,潮宏基,广东,服饰,20100128
002346.SZ,2346,柘中股份,上海,电气设备,20100128
002347.SZ,2347,泰尔股份,安徽,机械基件,20100128
002348.SZ,2348,高乐股份,广东,文教休闲,20100203
002381.SZ,2381,双箭股份,浙江,橡胶,20100402
300034.SZ,300034,钢研高纳,北京,航空,20091225
300032.SZ,300032,金龙机电,浙江,元器件,20091225
002349.SZ,2349,精华制药,江苏,中成药,20100203
601678.SH,601678,滨化股份,山东,化工原料,20100223
002351.SZ,2351,漫步者,深圳,IT设备,20100205
002352.SZ,2352,顺丰控股,深圳,仓储物流,20100205
002591.SZ,2591,恒大高新,江西,环境保护,20110621
002355.SZ,2355,兴民智通,山东,汽车配件,20100209
002353.SZ,2353,杰瑞股份,山东,化工机械,20100205
002354.SZ,2354,天娱数科,辽宁,互联网,20100209
300035.SZ,300035,中科电气,湖南,电气设备,20091225
300247.SZ,300247,融捷健康,安徽,医疗保健,20110729
300036.SZ,300036,超图软件,北京,软件服务,20091225
300030.SZ,300030,阳普医疗,广东,医疗保健,20091225
002358.SZ,2358,森源电气,河南,电气设备,20100210
002549.SZ,2549,凯美特气,湖南,环境保护,20110218
300041.SZ,300041,回天新材,湖北,化工原料,20100108
300037.SZ,300037,新宙邦,深圳,化工原料,20100108
002357.SZ,2357,富临运业,四川,公共交通,20100210
002455.SZ,2455,百川股份,江苏,化工原料,20100803
002370.SZ,2370,亚太药业,浙江,化学制药,20100316
002375.SZ,2375,亚厦股份,浙江,装修装饰,20100323
601688.SH,601688,华泰证券,江苏,证券,20100226
002369.SZ,2369,卓翼科技,深圳,通信设备,20100316
300040.SZ,300040,九洲集团,黑龙江,新型电力,20100108
601058.SH,601058,赛轮轮胎,山东,汽车配件,20110630
002364.SZ,2364,中恒电气,浙江,电气设备,20100305
300039.SZ,300039,上海凯宝,上海,中成药,20100108
002367.SZ,2367,康力电梯,江苏,运输设备,20100312
002366.SZ,2366,融发核电,四川,专用机械,20100312
601179.SH,601179,中国西电,陕西,电气设备,20100128
002361.SZ,2361,神剑股份,安徽,化工原料,20100303
002368.SZ,2368,太极股份,北京,软件服务,20100312
002374.SZ,2374,中锐股份,山东,广告包装,20100318
300042.SZ,300042,朗科科技,深圳,IT设备,20100108
300045.SZ,300045,华力创通,北京,IT设备,20100120
300049.SZ,300049,福瑞医科,内蒙,医疗保健,20100120
300047.SZ,300047,天源迪科,深圳,软件服务,20100120
002371.SZ,2371,北方华创,北京,半导体,20100316
300048.SZ,300048,合康新能,北京,电气设备,20100120
002373.SZ,2373,千方科技,北京,软件服务,20100318
002380.SZ,2380,科远智慧,江苏,软件服务,20100331
002566.SZ,2566,益盛药业,吉林,中成药,20110318
002372.SZ,2372,伟星新材,浙江,其他建材,20100318
002376.SZ,2376,新北洋,山东,IT设备,20100323
002397.SZ,2397,梦洁股份,湖南,纺织,20100429
601106.SH,601106,中国一重,黑龙江,工程机械,20100209
002378.SZ,2378,章源钨业,江西,小金属,20100331
300050.SZ,300050,世纪鼎利,广东,通信设备,20100120
300046.SZ,300046,台基股份,湖北,半导体,20100120
300043.SZ,300043,星辉娱乐,广东,互联网,20100120
603199.SH,603199,九华旅游,安徽,旅游景点,20150326
002383.SZ,2383,合众思壮,北京,通信设备,20100402
002363.SZ,2363,隆基机械,山东,汽车配件,20100305
002379.SZ,2379,宏桥控股,山东,铝,20100331
002382.SZ,2382,蓝帆医疗,山东,医疗保健,20100402
002421.SZ,2421,达实智能,深圳,软件服务,20100603
300277.SZ,300277,汽轮科技,浙江,机械基件,20111123
300051.SZ,300051,琏升科技,江苏,综合类,20100211
002392.SZ,2392,北京利尔,北京,其他建材,20100423
002385.SZ,2385,大北农,北京,饲料,20100409
002384.SZ,2384,东山精密,江苏,元器件,20100409
002386.SZ,2386,天原股份,四川,化工原料,20100409
002377.SZ,2377,国创高新,湖北,其他建材,20100323
300052.SZ,300052,中青宝,深圳,互联网,20100211
300054.SZ,300054,鼎龙股份,湖北,化工原料,20100211
300264.SZ,300264,佳创视讯,深圳,软件服务,20110916
002394.SZ,2394,联发股份,江苏,纺织,20100423
002393.SZ,2393,力生制药,天津,化学制药,20100423
601158.SH,601158,重庆水务,重庆,水务,20100329
002388.SZ,2388,新亚制程,浙江,元器件,20100413
300053.SZ,300053,航宇微,广东,半导体,20100211
300057.SZ,300057,万顺新材,广东,铝,20100226
300055.SZ,300055,万邦达,北京,石油加工,20100226
300056.SZ,300056,中创环保,福建,环境保护,20100226
300058.SZ,300058,蓝色光标,北京,广告包装,20100226
002407.SZ,2407,多氟多,河南,化工原料,20100518
002387.SZ,2387,维信诺,江苏,元器件,20100413
002395.SZ,2395,双象股份,江苏,塑料,20100429
002389.SZ,2389,航天彩虹,浙江,航空,20100413
002398.SZ,2398,垒知集团,福建,其他建材,20100506
002390.SZ,2390,信邦制药,贵州,医药商业,20100416
002391.SZ,2391,长青股份,江苏,农药化肥,20100416
601101.SH,601101,昊华能源,北京,煤炭开采,20100331
002399.SZ,2399,海普瑞,深圳,化学制药,20100506
002410.SZ,2410,广联达,北京,软件服务,20100525
002408.SZ,2408,齐翔腾达,山东,化工原料,20100518
002401.SZ,2401,中远海科,上海,软件服务,20100506
002400.SZ,2400,省广集团,广东,广告包装,20100506
002404.SZ,2404,嘉欣丝绸,浙江,纺织,20100511
002406.SZ,2406,远东传动,河南,汽车配件,20100518
300059.SZ,300059,东方财富,上海,证券,20100319
002405.SZ,2405,四维图新,北京,软件服务,20100518
002403.SZ,2403,爱仕达,浙江,家用电器,20100511
002402.SZ,2402,和而泰,深圳,元器件,20100511
002409.SZ,2409,雅克科技,江苏,半导体,20100525
002412.SZ,2412,汉森制药,湖南,中成药,20100525
300061.SZ,300061,旗天科技,上海,互联网,20100319
002416.SZ,2416,爱施德,深圳,电器连锁,20100528
002415.SZ,2415,海康威视,浙江,IT设备,20100528
002414.SZ,2414,高德红外,湖北,电器仪表,20100716
002413.SZ,2413,雷科防务,北京,通信设备,20100528
300098.SZ,300098,高新兴,广东,软件服务,20100728
300062.SZ,300062,中能电气,福建,电气设备,20100319
300087.SZ,300087,荃银高科,安徽,种植业,20100526
300066.SZ,300066,三川智慧,江西,电器仪表,20100326
002425.SZ,2425,凯撒文化,广东,互联网,20100608
300063.SZ,300063,天龙集团,广东,互联网,20100326
300065.SZ,300065,海兰信,北京,船舶,20100326
002418.SZ,2418,康盛股份,浙江,家用电器,20100601
002420.SZ,2420,毅昌科技,广东,家用电器,20100601
601369.SH,601369,陕鼓动力,陕西,机械基件,20100428
002422.SZ,2422,科伦药业,四川,化学制药,20100603
002423.SZ,2423,中粮资本,河南,多元金融,20100603
002428.SZ,2428,云南锗业,云南,小金属,20100608
002442.SZ,2442,龙星科技,河北,化工原料,20100706
002426.SZ,2426,胜利精密,江苏,元器件,20100608
002427.SZ,2427,尤夫股份,浙江,化纤,20100608
002456.SZ,2456,欧菲光,深圳,元器件,20100803
601188.SH,601188,龙江交通,黑龙江,路桥,20100319
601518.SH,601518,吉林高速,吉林,路桥,20100319
002644.SZ,2644,佛慈制药,甘肃,中成药,20111222
002430.SZ,2430,杭氧股份,浙江,化工机械,20100610
002459.SZ,2459,晶澳科技,河北,电气设备,20100810
300073.SZ,300073,当升科技,北京,电气设备,20100427
300070.SZ,300070,碧水源,北京,环境保护,20100421
002432.SZ,2432,九安医疗,天津,医疗保健,20100610
002429.SZ,2429,兆驰股份,深圳,家用电器,20100610
002434.SZ,2434,万里扬,浙江,汽车配件,20100618
002436.SZ,2436,兴森科技,深圳,元器件,20100618
300072.SZ,300072,海新能科,北京,化工原料,20100427
300105.SZ,300105,龙源技术,山东,环境保护,20100820
300069.SZ,300069,金利华电,山西,电气设备,20100421
300067.SZ,300067,安诺其,上海,染料涂料,20100421
002440.SZ,2440,闰土股份,浙江,染料涂料,20100706
002437.SZ,2437,誉衡药业,黑龙江,化学制药,20100623
002443.SZ,2443,金洲管道,浙江,钢加工,20100706
002622.SZ,2622,皓宸医疗,吉林,医疗保健,20111018
300080.SZ,300080,易成新能,河南,电气设备,20100625
300075.SZ,300075,数字政通,北京,软件服务,20100427
002613.SZ,2613,北玻股份,河南,专用机械,20110830
300078.SZ,300078,思创智联,浙江,软件服务,20100430
300074.SZ,300074,华平股份,上海,软件服务,20100427
300079.SZ,300079,数码视讯,北京,IT设备,20100430
300083.SZ,300083,创世纪,广东,机床制造,20100520
002439.SZ,2439,启明星辰,北京,软件服务,20100623
603002.SH,603002,宏昌电子,广东,化工原料,20120518
601012.SH,601012,隆基绿能,陕西,电气设备,20120411
300077.SZ,300077,国民技术,深圳,半导体,20100430
300082.SZ,300082,奥克股份,辽宁,化工原料,20100520
002469.SZ,2469,三维化学,山东,化工原料,20100908
002441.SZ,2441,众业达,广东,电气设备,20100706
300235.SZ,300235,方直科技,深圳,软件服务,20110629
300084.SZ,300084,海默科技,甘肃,专用机械,20100520
002444.SZ,2444,巨星科技,浙江,轻工机械,20100713
002492.SZ,2492,恒基达鑫,广东,仓储物流,20101102
002466.SZ,2466,天齐锂业,四川,小金属,20100831
002445.SZ,2445,中南文化,江苏,钢加工,20100713
300238.SZ,300238,冠昊生物,广东,医疗保健,20110706
300086.SZ,300086,康芝药业,海南,化学制药,20100526
300101.SZ,300101,振芯科技,四川,通信设备,20100806
601118.SH,601118,海南橡胶,海南,橡胶,20110107
002449.SZ,2449,国星光电,广东,半导体,20100716
002458.SZ,2458,益生股份,山东,农业综合,20100810
002451.SZ,2451,摩恩电气,上海,电气设备,20100720
300272.SZ,300272,开能健康,上海,家用电器,20111102
300088.SZ,300088,长信科技,安徽,元器件,20100526
002457.SZ,2457,青龙管业,宁夏,塑料,20100803
601000.SH,601000,唐山港,河北,港口,20100705
002452.SZ,2452,长高电新,湖南,电气设备,20100720
002454.SZ,2454,松芝股份,上海,汽车配件,20100720
002453.SZ,2453,华软科技,北京,化工原料,20100720
002460.SZ,2460,赣锋锂业,江西,小金属,20100810
300085.SZ,300085,银之杰,深圳,软件服务,20100526
601717.SH,601717,中创智领,河南,专用机械,20100803
300179.SZ,300179,四方达,河南,矿物制品,20110215
300097.SZ,300097,智云股份,辽宁,专用机械,20100728
002463.SZ,2463,沪电股份,江苏,元器件,20100818
002462.SZ,2462,嘉事堂,北京,医药商业,20100818
300099.SZ,300099,尤洛卡,山东,电器仪表,20100806
300253.SZ,300253,卫宁健康,上海,软件服务,20110818
300094.SZ,300094,国联水产,广东,渔业,20100708
300124.SZ,300124,汇川技术,深圳,电器仪表,20100928
300321.SZ,300321,同大股份,山东,塑料,20120523
300095.SZ,300095,华伍股份,江西,专用机械,20100728
300092.SZ,300092,科新机电,四川,专用机械,20100708
300100.SZ,300100,双林股份,浙江,汽车配件,20100806
300103.SZ,300103,达刚控股,陕西,专用机械,20100812
300102.SZ,300102,乾照光电,福建,半导体,20100812
002465.SZ,2465,海格通信,广东,通信设备,20100831
601018.SH,601018,宁波港,浙江,港口,20100928
002484.SZ,2484,江海股份,江苏,元器件,20100929
300126.SZ,300126,锐奇股份,上海,轻工机械,20101013
601288.SH,601288,农业银行,北京,银行,20100715
002468.SZ,2468,申通快递,浙江,仓储物流,20100908
300110.SZ,300110,华仁药业,山东,化学制药,20100825
002476.SZ,2476,宝莫股份,山东,化工原料,20100915
002470.SZ,2470,金正大,山东,农药化肥,20100908
300107.SZ,300107,建新股份,河北,化工原料,20100820
300305.SZ,300305,裕兴股份,江苏,塑料,20120329
601177.SH,601177,杭齿前进,浙江,机械基件,20101011
601377.SH,601377,兴业证券,福建,证券,20101013
300106.SZ,300106,西部牧业,新疆,乳制品,20100820
300113.SZ,300113,顺网科技,浙江,互联网,20100827
302132.SZ,302132,中航成飞,陕西,航空,20100827
300112.SZ,300112,万讯自控,深圳,电器仪表,20100827
300133.SZ,300133,华策影视,浙江,影视音像,20101026
300129.SZ,300129,泰胜风能,上海,电气设备,20101019
300118.SZ,300118,东方日升,浙江,电气设备,20100902
300109.SZ,300109,新开源,河南,化工原料,20100825
300111.SZ,300111,向日葵,浙江,化学制药,20100827
002478.SZ,2478,常宝股份,江苏,钢加工,20100921
002471.SZ,2471,中超控股,江苏,电气设备,20100910
300115.SZ,300115,长盈精密,深圳,元器件,20100902
002527.SZ,2527,新时达,上海,电器仪表,20101224
002530.SZ,2530,金财互联,江苏,专用机械,20101231
002614.SZ,2614,奥佳华,福建,家用电器,20110909
002472.SZ,2472,双环传动,浙江,汽车配件,20100910
002595.SZ,2595,豪迈科技,山东,专用机械,20110628
002475.SZ,2475,立讯精密,深圳,元器件,20100915
601098.SH,601098,中南传媒,湖南,出版业,20101028
300120.SZ,300120,经纬辉开,天津,元器件,20100917
300128.SZ,300128,锦富技术,江苏,元器件,20101013
002479.SZ,2479,富春环保,浙江,新型电力,20100921
002480.SZ,2480,新筑股份,四川,运输设备,20100921
002481.SZ,2481,双塔食品,山东,食品,20100921
300121.SZ,300121,阳谷华泰,山东,化工原料,20100917
300119.SZ,300119,瑞普生物,天津,农业综合,20100917
601818.SH,601818,光大银行,北京,银行,20100818
002486.SZ,2486,嘉麟杰,上海,服饰,20101015
002482.SZ,2482,广田集团,深圳,装修装饰,20100929
002500.SZ,2500,山西证券,山西,证券,20101115
002521.SZ,2521,齐峰新材,山东,造纸,20101210
300122.SZ,300122,智飞生物,重庆,生物制药,20100928
002488.SZ,2488,金固股份,浙江,汽车配件,20101021
002487.SZ,2487,大金重工,辽宁,电气设备,20101015
002495.SZ,2495,佳隆股份,广东,食品,20101102
002615.SZ,2615,哈尔斯,浙江,家居用品,20110909
300127.SZ,300127,银河磁体,四川,矿物制品,20101013
600998.SH,600998,九州通,湖北,医药商业,20101102
002518.SZ,2518,科士达,深圳,电气设备,20101207
002493.SZ,2493,荣盛石化,浙江,化纤,20101102
002491.SZ,2491,通鼎互联,江苏,通信设备,20101021
002483.SZ,2483,润邦股份,江苏,专用机械,20100929
300134.SZ,300134,大富科技,安徽,通信设备,20101026
300130.SZ,300130,新国都,深圳,IT设备,20101019
300135.SZ,300135,宝利国际,江苏,石油加工,20101026
300329.SZ,300329,海伦钢琴,浙江,文教休闲,20120619
002497.SZ,2497,雅化集团,四川,小金属,20101109
002494.SZ,2494,华斯股份,河北,服饰,20101102
601996.SH,601996,丰林集团,广西,家居用品,20110929
300401.SZ,300401,花园生物,浙江,化学制药,20141009
300131.SZ,300131,英唐智控,深圳,元器件,20101019
002498.SZ,2498,汉缆股份,山东,电气设备,20101109
300137.SZ,300137,先河环保,河北,环境保护,20101105
300132.SZ,300132,青松股份,福建,化工原料,20101026
002643.SZ,2643,万润股份,山东,化工原料,20111220
002805.SZ,2805,丰元股份,山东,电气设备,20160707
300138.SZ,300138,晨光生物,河北,食品,20101105
300136.SZ,300136,信维通信,深圳,元器件,20101105
002889.SZ,2889,东方嘉盛,深圳,仓储物流,20170731
300142.SZ,300142,沃森生物,云南,生物制药,20101112
300141.SZ,300141,和顺电气,江苏,电气设备,20101112
300140.SZ,300140,节能环境,陕西,环境保护,20101112
002511.SZ,2511,中顺洁柔,广东,造纸,20101125
002510.SZ,2510,天汽模,天津,汽车配件,20101125
002554.SZ,2554,惠博普,湖南,石油开采,20110225
002508.SZ,2508,老板电器,浙江,家用电器,20101123
002738.SZ,2738,中矿资源,北京,小金属,20141230
300154.SZ,300154,瑞凌股份,深圳,机械基件,20101229
300331.SZ,300331,苏大维格,江苏,元器件,20120628
300144.SZ,300144,宋城演艺,浙江,旅游景点,20101209
300143.SZ,300143,盈康生命,山东,医疗保健,20101209
002507.SZ,2507,涪陵榨菜,重庆,食品,20101123
002513.SZ,2513,蓝丰生化,江苏,新型电力,20101203
601777.SH,601777,千里科技,重庆,摩托车,20101125
601880.SH,601880,辽港股份,辽宁,港口,20101206
002515.SZ,2515,金字火腿,浙江,食品,20101203
300145.SZ,300145,南方泵业,浙江,机械基件,20101209
300148.SZ,300148,天舟文化,湖南,出版业,20101215
002520.SZ,2520,日发精机,浙江,机床制造,20101210
300168.SZ,300168,万达信息,上海,软件服务,20110125
300158.SZ,300158,振东制药,山西,化学制药,20110107
002516.SZ,2516,旷达科技,湖南,汽车配件,20101207
002517.SZ,2517,恺英网络,福建,互联网,20101207
603167.SH,603167,渤海轮渡,山东,水运,20120906
002519.SZ,2519,银河电子,江苏,通信设备,20101207
300157.SZ,300157,新锦动力,北京,专用机械,20110107
002522.SZ,2522,浙江众成,浙江,塑料,20101210
300146.SZ,300146,汤臣倍健,广东,食品,20101215
300149.SZ,300149,睿智医药,广东,生物制药,20101222
002743.SZ,2743,富煌钢构,安徽,钢加工,20150217
300155.SZ,300155,安居宝,广东,IT设备,20110107
300151.SZ,300151,昌红科技,深圳,专用机械,20101222
002606.SZ,2606,大连电瓷,辽宁,电气设备,20110805
002524.SZ,2524,光正眼科,新疆,医疗保健,20101217
300153.SZ,300153,科泰电源,上海,电气设备,20101229
002526.SZ,2526,山东矿机,山东,工程机械,20101217
002532.SZ,2532,天山铝业,新疆,铝,20101231
002534.SZ,2534,西子洁能,浙江,专用机械,20110110
002531.SZ,2531,天顺风能,江苏,电气设备,20101231
300169.SZ,300169,天晟新材,江苏,塑料,20110125
300162.SZ,300162,雷曼光电,深圳,元器件,20110113
300161.SZ,300161,华中数控,湖北,机床制造,20110113
002540.SZ,2540,亚太科技,江苏,铝,20110118
002702.SZ,2702,海欣食品,福建,食品,20121011
002567.SZ,2567,唐人神,湖南,饲料,20110325
601933.SH,601933,永辉超市,福建,超市连锁,20101215
300191.SZ,300191,潜能恒信,北京,石油开采,20110316
300165.SZ,300165,天瑞仪器,江苏,电器仪表,20110125
300223.SZ,300223,北京君正,北京,半导体,20110531
002535.SZ,2535,林州重机,河南,工程机械,20110111
002609.SZ,2609,捷顺科技,深圳,软件服务,20110815
300164.SZ,300164,通源石油,陕西,石油开采,20110113
300163.SZ,300163,先锋新材,浙江,家居用品,20110113
300160.SZ,300160,秀强股份,江苏,家用电器,20110113
002536.SZ,2536,飞龙股份,河南,汽车配件,20110111
002557.SZ,2557,洽洽食品,安徽,食品,20110302
002539.SZ,2539,云图控股,四川,农药化肥,20110118
601890.SH,601890,亚星锚链,江苏,船舶,20101228
002533.SZ,2533,金杯电工,湖南,电气设备,20101231
300170.SZ,300170,汉得信息,上海,软件服务,20110201
300174.SZ,300174,元力股份,福建,化工原料,20110201
300166.SZ,300166,东方国信,北京,软件服务,20110125
002537.SZ,2537,海联金汇,山东,汽车配件,20110110
300172.SZ,300172,中电环保,江苏,环境保护,20110201
300171.SZ,300171,东富龙,上海,医疗保健,20110201
300194.SZ,300194,福安药业,重庆,化学制药,20110322
300180.SZ,300180,华峰超纤,上海,化纤,20110222
002545.SZ,2545,东方铁塔,山东,农药化肥,20110211
002550.SZ,2550,千红制药,江苏,生物制药,20110218
002544.SZ,2544,普天科技,广东,通信设备,20110128
002541.SZ,2541,鸿路钢构,安徽,钢加工,20110118
601116.SH,601116,三江购物,浙江,超市连锁,20110302
002570.SZ,2570,贝因美,浙江,乳制品,20110412
002551.SZ,2551,尚荣医疗,深圳,医疗保健,20110225
300177.SZ,300177,中海达,广东,通信设备,20110215
300176.SZ,300176,鸿特科技,广东,汽车配件,20110215
300181.SZ,300181,佐力药业,浙江,中成药,20110222
601700.SH,601700,风范股份,江苏,电气设备,20110118
601137.SH,601137,博威合金,浙江,小金属,20110127
300193.SZ,300193,佳士科技,深圳,专用机械,20110322
300183.SZ,300183,东软载波,山东,通信设备,20110222
300197.SZ,300197,节能铁汉,深圳,环境保护,20110329
002543.SZ,2543,万和电气,广东,家用电器,20110128
601519.SH,601519,大智慧,上海,软件服务,20110128
002552.SZ,2552,宝鼎科技,浙江,元器件,20110225
002546.SZ,2546,新联电子,江苏,电气设备,20110211
601799.SH,601799,星宇股份,江苏,汽车配件,20110201
300184.SZ,300184,力源信息,湖北,元器件,20110222
300182.SZ,300182,捷成股份,北京,影视音像,20110222
002769.SZ,2769,普路通,广东,仓储物流,20150629
601616.SH,601616,广电电气,上海,电气设备,20110201
300340.SZ,300340,科恒股份,广东,电气设备,20120726
300203.SZ,300203,聚光科技,浙江,电器仪表,20110415
002558.SZ,2558,巨人网络,重庆,互联网,20110302
002555.SZ,2555,三七互娱,安徽,互联网,20110302
002548.SZ,2548,金新农,深圳,饲料,20110218
300229.SZ,300229,拓尔思,北京,软件服务,20110615
002706.SZ,2706,良信股份,上海,电气设备,20140121
002559.SZ,2559,亚威股份,江苏,机床制造,20110303
601216.SH,601216,君正集团,内蒙,化工原料,20110222
601789.SH,601789,宁波建工,浙江,建筑工程,20110816
002553.SZ,2553,南方精工,江苏,汽车配件,20110225
300220.SZ,300220,金运激光,湖北,专用机械,20110525
300188.SZ,300188,国投智能,福建,软件服务,20110316
300195.SZ,300195,长荣股份,天津,轻工机械,20110329
300196.SZ,300196,长海股份,江苏,玻璃,20110329
300187.SZ,300187,永清环保,湖南,环境保护,20110308
300345.SZ,300345,华民股份,湖南,电气设备,20120801
300185.SZ,300185,通裕重工,山东,工程机械,20110308
002556.SZ,2556,辉隆股份,安徽,农药化肥,20110302
300190.SZ,300190,维尔利,江苏,环境保护,20110316
601011.SH,601011,宝泰隆,黑龙江,焦炭加工,20110309
002560.SZ,2560,通达股份,河南,电气设备,20110303
002565.SZ,2565,顺灏股份,上海,造纸,20110318
002577.SZ,2577,雷柏科技,深圳,IT设备,20110428
300375.SZ,300375,鹏翎股份,天津,汽车配件,20140127
300192.SZ,300192,科德教育,江苏,文教休闲,20110322
300189.SZ,300189,神农种业,海南,种植业,20110316
601992.SH,601992,金隅集团,北京,水泥,20110301
002563.SZ,2563,森马服饰,浙江,服饰,20110311
601199.SH,601199,江南水务,江苏,水务,20110317
300204.SZ,300204,舒泰神,北京,生物制药,20110415
300214.SZ,300214,日科化学,山东,化工原料,20110511
300199.SZ,300199,翰宇药业,深圳,化学制药,20110407
300200.SZ,300200,高盟新材,北京,化工原料,20110407
002562.SZ,2562,兄弟科技,浙江,化学制药,20110310
002564.SZ,2564,天沃科技,江苏,化工机械,20110310
002571.SZ,2571,德力股份,安徽,家居用品,20110412
002568.SZ,2568,百润股份,上海,红黄酒,20110325
300201.SZ,300201,海伦哲,江苏,工程机械,20110407
603328.SH,603328,依顿电子,广东,元器件,20140701
002579.SZ,2579,中京电子,广东,元器件,20110506
601218.SH,601218,吉鑫科技,江苏,电气设备,20110506
002572.SZ,2572,索菲亚,广东,家居用品,20110412
002573.SZ,2573,清新环境,北京,环境保护,20110422
002574.SZ,2574,明牌珠宝,浙江,服饰,20110422
002576.SZ,2576,通达动力,江苏,电气设备,20110428
603006.SH,603006,联明股份,上海,汽车配件,20140630
002575.SZ,2575,群兴玩具,广东,文教休闲,20110422
300206.SZ,300206,理邦仪器,深圳,医疗保健,20110421
300210.SZ,300210,森远股份,辽宁,专用机械,20110426
300209.SZ,300209,行云科技,湖南,互联网,20110426
002580.SZ,2580,圣阳股份,山东,电气设备,20110506
601566.SH,601566,九牧王,福建,服饰,20110530
601113.SH,601113,华鼎股份,浙江,化纤,20110509
002578.SZ,2578,闽发铝业,福建,铝,20110428
300207.SZ,300207,欣旺达,深圳,电气设备,20110421
601233.SH,601233,桐昆股份,浙江,化纤,20110518
601208.SH,601208,东材科技,四川,化工原料,20110520
300402.SZ,300402,宝色股份,江苏,专用机械,20141010
300218.SZ,300218,安利股份,安徽,塑料,20110518
002584.SZ,2584,西陇科学,广东,化工原料,20110602
002582.SZ,2582,好想你,河南,食品,20110520
601222.SH,601222,林洋能源,江苏,新型电力,20110808
300215.SZ,300215,电科院,江苏,电气设备,20110511
300257.SZ,300257,开山股份,上海,机械基件,20110819
300219.SZ,300219,鸿利智汇,广东,元器件,20110518
300222.SZ,300222,科大智能,上海,电气设备,20110525
300217.SZ,300217,东方电热,江苏,家用电器,20110518
300221.SZ,300221,银禧科技,广东,塑料,20110525
002583.SZ,2583,海能达,深圳,通信设备,20110527
601599.SH,601599,浙文影业,浙江,纺织,20110527
002590.SZ,2590,万安科技,浙江,汽车配件,20110610
300231.SZ,300231,银信科技,北京,软件服务,20110615
300227.SZ,300227,光韵达,深圳,专用机械,20110608
300224.SZ,300224,正海磁材,山东,矿物制品,20110531
300228.SZ,300228,富瑞特装,江苏,化工机械,20110608
300249.SZ,300249,依米康,四川,IT设备,20110803
300226.SZ,300226,上海钢联,上海,互联网,20110608
300240.SZ,300240,飞力达,江苏,仓储物流,20110706
300381.SZ,300381,溢多利,广东,化学制药,20140128
002585.SZ,2585,双星新材,江苏,塑料,20110602
601311.SH,601311,骆驼股份,湖北,电气设备,20110602
300230.SZ,300230,永利股份,上海,塑料,20110615
300232.SZ,300232,洲明科技,深圳,元器件,20110622
300234.SZ,300234,开尔新材,浙江,陶瓷,20110622
601798.SH,601798,蓝科高新,甘肃,化工机械,20110622
002589.SZ,2589,瑞康医药,山东,医药商业,20110610
002587.SZ,2587,奥拓电子,深圳,元器件,20110610
300233.SZ,300233,金城医药,山东,化学制药,20110622
300236.SZ,300236,上海新阳,上海,半导体,20110629
002778.SZ,2778,中晟高科,江苏,环境保护,20160106
002588.SZ,2588,史丹利,山东,农药化肥,20110610
601567.SH,601567,三星电气,浙江,电气设备,20110615
002783.SZ,2783,凯龙股份,湖北,化工原料,20151209
002605.SZ,2605,姚记科技,上海,互联网,20110805
002594.SZ,2594,比亚迪,深圳,汽车整车,20110630
300239.SZ,300239,东宝生物,内蒙,生物制药,20110706
002593.SZ,2593,日上集团,福建,钢加工,20110628
002596.SZ,2596,海南瑞泽,海南,水泥,20110707
002734.SZ,2734,利民股份,江苏,农药化肥,20150127
002626.SZ,2626,金达威,福建,医疗保健,20111028
002600.SZ,2600,领益智造,广东,元器件,20110715
002601.SZ,2601,龙佰集团,河南,化工原料,20110715
002597.SZ,2597,金禾实业,安徽,食品,20110707
300242.SZ,300242,佳云科技,广东,互联网,20110712
300258.SZ,300258,精锻科技,江苏,汽车配件,20110826
300241.SZ,300241,瑞丰光电,深圳,半导体,20110712
601901.SH,601901,方正证券,湖南,证券,20110810
002607.SZ,2607,中公教育,安徽,文教休闲,20110810
002602.SZ,2602,世纪华通,浙江,互联网,20110728
300243.SZ,300243,瑞丰高材,山东,化工原料,20110712
300244.SZ,300244,迪安诊断,浙江,医疗保健,20110719
002603.SZ,2603,以岭药业,河北,中成药,20110728
300248.SZ,300248,新开普,河南,软件服务,20110729
300250.SZ,300250,初灵信息,浙江,软件服务,20110803
300246.SZ,300246,宝莱特,广东,医疗保健,20110719
603456.SH,603456,九洲药业,浙江,医疗保健,20141010
300251.SZ,300251,光线传媒,北京,影视音像,20110803
002627.SZ,2627,三峡旅游,湖北,旅游景点,20111103
002911.SZ,2911,佛燃能源,广东,供气供热,20171122
002608.SZ,2608,江苏国信,江苏,火力发电,20110810
300254.SZ,300254,仟源医药,山西,化学制药,20110819
300256.SZ,300256,星星科技,江西,元器件,20110819
300255.SZ,300255,常山药业,河北,生物制药,20110819
601636.SH,601636,旗滨集团,湖南,玻璃,20110812
300260.SZ,300260,新莱应材,江苏,机械基件,20110906
300252.SZ,300252,金信诺,深圳,通信设备,20110818
002830.SZ,2830,名雕股份,深圳,装修装饰,20161213
603197.SH,603197,保隆科技,上海,汽车配件,20170519
300265.SZ,300265,通光线缆,江苏,电气设备,20110916
300267.SZ,300267,尔康制药,湖南,化学制药,20110927
300259.SZ,300259,新天科技,河南,电器仪表,20110831
300303.SZ,300303,聚飞光电,深圳,半导体,20120319
002629.SZ,2629,仁智股份,浙江,石油开采,20111103
300284.SZ,300284,苏交科,江苏,建筑工程,20120110
601908.SH,601908,京运通,北京,电气设备,20110908
601886.SH,601886,江河集团,北京,装修装饰,20110818
300269.SZ,300269,联建光电,深圳,元器件,20111012
300261.SZ,300261,雅本化学,江苏,农药化肥,20110906
002611.SZ,2611,东方精工,广东,轻工机械,20110830
603518.SH,603518,锦泓集团,江苏,服饰,20141203
300263.SZ,300263,隆华科技,河南,专用机械,20110916
300294.SZ,300294,博雅生物,江西,生物制药,20120308
002616.SZ,2616,长青集团,广东,环境保护,20110920
300270.SZ,300270,中威电子,浙江,IT设备,20111012
601677.SH,601677,明泰铝业,河南,铝,20110919
002612.SZ,2612,朗姿股份,北京,服饰,20110830
002624.SZ,2624,完美世界,浙江,互联网,20111028
002745.SZ,2745,木林森,广东,元器件,20150217
002641.SZ,2641,公元股份,浙江,塑料,20111208
002617.SZ,2617,露笑科技,浙江,电气设备,20110920
300266.SZ,300266,兴源环境,浙江,环境保护,20110927
601669.SH,601669,中国电建,北京,建筑工程,20111018
300274.SZ,300274,阳光电源,安徽,电气设备,20111102
601100.SH,601100,恒立液压,江苏,工程机械,20111028
300729.SZ,300729,乐歌股份,浙江,家居用品,20171201
300283.SZ,300283,温州宏丰,浙江,电气设备,20120110
300275.SZ,300275,梅安森,重庆,工程机械,20111102
002628.SZ,2628,成都路桥,四川,建筑工程,20111103
002625.SZ,2625,光启技术,深圳,航空,20111103
603686.SH,603686,福龙马,福建,环境保护,20150126
002623.SZ,2623,亚玛顿,江苏,玻璃,20111013
601225.SH,601225,陕西煤业,陕西,煤炭开采,20140128
002637.SZ,2637,赞宇科技,浙江,日用化工,20111125
002636.SZ,2636,金安国纪,上海,元器件,20111125
601555.SH,601555,东吴证券,江苏,证券,20111212
300278.SZ,300278,华昌达,湖北,专用机械,20111216
002640.SZ,2640,跨境通,山西,互联网,20111208
002631.SZ,2631,德尔未来,江苏,家居用品,20111111
002633.SZ,2633,申科股份,浙江,机械基件,20111122
300276.SZ,300276,三丰智能,湖北,专用机械,20111115
603001.SH,603001,奥康国际,浙江,服饰,20120426
601800.SH,601800,中国交建,北京,建筑工程,20120309
002635.SZ,2635,安洁科技,江苏,元器件,20111125
300293.SZ,300293,蓝英装备,辽宁,专用机械,20120308
002632.SZ,2632,道明光学,浙江,塑料,20111122
002648.SZ,2648,卫星化学,浙江,化工原料,20111228
300279.SZ,300279,和晶科技,江苏,元器件,20111229
002646.SZ,2646,天佑德酒,青海,白酒,20111222
002639.SZ,2639,雪人集团,福建,专用机械,20111205
002645.SZ,2645,华宏科技,江苏,专用机械,20111220
300285.SZ,300285,国瓷材料,山东,陶瓷,20120113
300281.SZ,300281,金明精机,广东,专用机械,20111229
601928.SH,601928,凤凰传媒,江苏,出版业,20111130
002673.SZ,2673,西部证券,陕西,证券,20120503
002638.SZ,2638,勤上股份,广东,家用电器,20111125
002647.SZ,2647,仁东控股,广东,多元金融,20111228
300286.SZ,300286,安科瑞,上海,电器仪表,20120113
300288.SZ,300288,朗玛信息,贵州,软件服务,20120216
002668.SZ,2668,TCL智家,广东,家用电器,20120416
002642.SZ,2642,荣联科技,北京,软件服务,20111220
002651.SZ,2651,利君股份,四川,航空,20120106
603599.SH,603599,广信股份,安徽,农药化肥,20150513
300324.SZ,300324,旋极信息,北京,软件服务,20120608
300350.SZ,300350,华鹏飞,深圳,仓储物流,20120821
300287.SZ,300287,飞利信,北京,软件服务,20120201
300290.SZ,300290,荣科科技,辽宁,软件服务,20120216
601360.SH,601360,三六零,天津,互联网,20120116
002649.SZ,2649,博彦科技,北京,软件服务,20120106
002664.SZ,2664,信质集团,浙江,汽车配件,20120316
300298.SZ,300298,三诺生物,湖南,医疗保健,20120319
002655.SZ,2655,共达电声,山东,元器件,20120217
601368.SH,601368,绿城水务,广西,水务,20150612
601336.SH,601336,新华保险,北京,保险,20111216
300289.SZ,300289,利德曼,北京,医疗保健,20120216
300532.SZ,300532,今天国际,深圳,软件服务,20160818
300483.SZ,300483,首华燃气,上海,石油开采,20150630
002662.SZ,2662,峰璟股份,北京,汽车配件,20120309
002688.SZ,2688,金河生物,内蒙,农业综合,20120713
300291.SZ,300291,百纳千成,北京,影视音像,20120209
002652.SZ,2652,扬子新材,江苏,其他建材,20120119
300292.SZ,300292,吴通控股,江苏,互联网,20120229
002666.SZ,2666,德联集团,广东,化工原料,20120327
601929.SH,601929,吉视传媒,吉林,影视音像,20120223
300358.SZ,300358,楚天科技,湖南,医疗保健,20140121
300310.SZ,300310,宜通世纪,广东,通信设备,20120425
300307.SZ,300307,慈星股份,浙江,纺织机械,20120329
002654.SZ,2654,万润科技,深圳,互联网,20120217
002653.SZ,2653,海思科,西藏,化学制药,20120117
601339.SH,601339,百隆东方,浙江,纺织,20120612
300296.SZ,300296,利亚德,北京,元器件,20120315
300304.SZ,300304,云意电气,江苏,汽车配件,20120321
300306.SZ,300306,远方信息,浙江,电器仪表,20120329
002672.SZ,2672,东江环保,深圳,环境保护,20120426
002663.SZ,2663,普邦股份,广东,建筑工程,20120316
601388.SH,601388,怡球资源,江苏,铝,20120423
601515.SH,601515,衢州东峰,浙江,广告包装,20120216
601231.SH,601231,环旭电子,上海,元器件,20120220
002657.SZ,2657,中科金财,北京,软件服务,20120228
300300.SZ,300300,海峡创新,福建,软件服务,20120319
002660.SZ,2660,茂硕电源,深圳,电气设备,20120316
002669.SZ,2669,康达新材,上海,化工原料,20120416
002658.SZ,2658,雪迪龙,北京,环境保护,20120309
002674.SZ,2674,兴业科技,福建,纺织,20120507
002661.SZ,2661,克明食品,湖南,食品,20120316
002659.SZ,2659,凯文教育,北京,文教休闲,20120309
300320.SZ,300320,海达股份,江苏,橡胶,20120601
300314.SZ,300314,戴维医疗,浙江,医疗保健,20120508
002670.SZ,2670,国盛证券,江西,证券,20120416
603123.SH,603123,翠微股份,北京,多元金融,20120503
300327.SZ,300327,中颖电子,上海,半导体,20120613
601965.SH,601965,中国汽研,重庆,汽车服务,20120611
603333.SH,603333,尚纬股份,四川,电气设备,20120507
002675.SZ,2675,东诚药业,山东,化学制药,20120525
002799.SZ,2799,环球印务,陕西,广告包装,20160608
002677.SZ,2677,浙江美大,浙江,家用电器,20120525
002676.SZ,2676,顺威股份,广东,家用电器,20120525
603861.SH,603861,白云电器,广东,电气设备,20160322
300302.SZ,300302,同有科技,北京,IT设备,20120321
300308.SZ,300308,中际旭创,山东,通信设备,20120410
601038.SH,601038,一拖股份,河南,农用机械,20120808
300317.SZ,300317,珈伟新能,深圳,电气设备,20120511
300315.SZ,300315,掌趣科技,北京,互联网,20120511
300299.SZ,300299,富春股份,福建,互联网,20120319
603000.SH,603000,人民网,北京,互联网,20120427
603128.SH,603128,华贸物流,上海,仓储物流,20120529
002671.SZ,2671,龙泉股份,山东,水泥,20120426
002696.SZ,2696,百洋股份,广西,饲料,20120905
002685.SZ,2685,华东重机,江苏,机床制造,20120612
002682.SZ,2682,龙洲股份,福建,仓储物流,20120612
603077.SH,603077,和邦生物,四川,化工原料,20120731
603168.SH,603168,莎普爱思,浙江,化学制药,20140702
002692.SZ,2692,远程股份,江苏,电气设备,20120808
300316.SZ,300316,晶盛机电,浙江,专用机械,20120511
300319.SZ,300319,麦捷科技,深圳,元器件,20120523
603366.SH,603366,日出东方,江苏,家用电器,20120521
002690.SZ,2690,美亚光电,安徽,专用机械,20120731
002678.SZ,2678,珠江钢琴,广东,文教休闲,20120530
002851.SZ,2851,麦格米特,深圳,电气设备,20170306
300342.SZ,300342,天银机电,江苏,家用电器,20120726
300322.SZ,300322,硕贝德,广东,元器件,20120608
300339.SZ,300339,润和软件,江苏,软件服务,20120718
300400.SZ,300400,劲拓股份,深圳,专用机械,20141010
300333.SZ,300333,兆日科技,深圳,IT设备,20120628
002679.SZ,2679,福建金森,福建,林业,20120605
300334.SZ,300334,津膜科技,天津,专用机械,20120705
300397.SZ,300397,天和防务,陕西,通信设备,20140910
300348.SZ,300348,长亮科技,深圳,软件服务,20120817
002701.SZ,2701,奥瑞金,北京,广告包装,20121011
603399.SH,603399,永杉锂业,辽宁,小金属,20120824
300337.SZ,300337,银邦股份,江苏,铝,20120718
002687.SZ,2687,乔治白,浙江,服饰,20120713
300332.SZ,300332,天壕能源,北京,供气供热,20120628
300328.SZ,300328,宜安科技,广东,小金属,20120619
300349.SZ,300349,金卡智能,浙江,电器仪表,20120817
002698.SZ,2698,博实股份,黑龙江,化工机械,20120911
300323.SZ,300323,华灿光电,湖北,半导体,20120601
300335.SZ,300335,迪森股份,广东,供气供热,20120710
002752.SZ,2752,昇兴股份,福建,广告包装,20150422
603766.SH,603766,隆鑫通用,重庆,摩托车,20120810
300347.SZ,300347,泰格医药,浙江,医疗保健,20120817
300341.SZ,300341,麦克奥迪,福建,电气设备,20120726
002681.SZ,2681,奋达科技,深圳,元器件,20120605
002686.SZ,2686,亿利达,浙江,专用机械,20120703
002683.SZ,2683,广东宏大,广东,化工原料,20120612
300346.SZ,300346,南大光电,江苏,半导体,20120807
603126.SH,603126,中材节能,天津,环境保护,20140731
300383.SZ,300383,光环新网,北京,软件服务,20140129
603993.SH,603993,洛阳钼业,河南,小金属,20121009
603288.SH,603288,海天味业,广东,食品,20140211
300371.SZ,300371,汇中股份,河北,电器仪表,20140123
300389.SZ,300389,艾比森,深圳,元器件,20140801
002718.SZ,2718,友邦吊顶,浙江,其他建材,20140128
002715.SZ,2715,登云股份,广东,汽车配件,20140219
002716.SZ,2716,湖南白银,湖南,小金属,20140128
002723.SZ,2723,小崧股份,广东,家用电器,20140129
002792.SZ,2792,通宇通讯,广东,通信设备,20160328
002727.SZ,2727,一心堂,云南,医药商业,20140702
601608.SH,601608,中信重工,河南,专用机械,20120706
601238.SH,601238,广汽集团,广东,汽车整车,20120329
002709.SZ,2709,天赐材料,广东,化工原料,20140123
002725.SZ,2725,跃岭股份,浙江,汽车配件,20140129
002746.SZ,2746,仙坛股份,山东,农业综合,20150216
002708.SZ,2708,光洋股份,江苏,汽车配件,20140121
002695.SZ,2695,煌上煌,江西,食品,20120905
300382.SZ,300382,斯莱克,江苏,专用机械,20140129
002714.SZ,2714,牧原股份,河南,农业综合,20140128
002815.SZ,2815,崇达技术,深圳,元器件,20161012
002703.SZ,2703,浙江世宝,浙江,汽车配件,20121102
002722.SZ,2722,物产金轮,江苏,钢加工,20140128
603699.SH,603699,纽威股份,江苏,机械基件,20140117
601016.SH,601016,节能风电,北京,新型电力,20140929
603166.SH,603166,福达股份,广西,汽车配件,20141127
300507.SZ,300507,苏奥传感,江苏,汽车配件,20160429
300369.SZ,300369,绿盟科技,北京,软件服务,20140129
300354.SZ,300354,东华测试,江苏,电器仪表,20120920
603308.SH,603308,应流股份,安徽,机械基件,20140122
300388.SZ,300388,节能国祯,安徽,环境保护,20140801
603777.SH,603777,来伊份,上海,食品,20161012
603989.SH,603989,艾华集团,湖南,元器件,20150515
603806.SH,603806,福斯特,浙江,塑料,20140905
002700.SZ,2700,万憬能源,新疆,供气供热,20120921
603088.SH,603088,宁波精达,浙江,机床制造,20141111
603566.SH,603566,普莱柯,河南,农业综合,20150518
603009.SH,603009,北特科技,上海,汽车配件,20140718
603688.SH,603688,石英股份,江苏,矿物制品,20141031
002782.SZ,2782,可立克,深圳,元器件,20151222
601969.SH,601969,海南矿业,海南,普钢,20141209
300351.SZ,300351,永贵电器,浙江,运输设备,20120920
300355.SZ,300355,蒙草生态,内蒙,环境保护,20120927
002721.SZ,2721,金一文化,北京,服饰,20140127
600917.SH,600917,重庆燃气,重庆,供气供热,20140930
300368.SZ,300368,汇金股份,河北,IT设备,20140123
300403.SZ,300403,汉宇集团,广东,家用电器,20141030
002697.SZ,2697,红旗连锁,四川,超市连锁,20120905
300360.SZ,300360,炬华科技,浙江,电器仪表,20140121
300357.SZ,300357,我武生物,浙江,生物制药,20140121
002843.SZ,2843,泰嘉股份,湖南,钢加工,20170120
002707.SZ,2707,众信旅游,北京,旅游服务,20140123
300363.SZ,300363,博腾股份,重庆,化学制药,20140129
300373.SZ,300373,扬杰科技,江苏,半导体,20140123
601579.SH,601579,会稽山,浙江,红黄酒,20140825
002748.SZ,2748,世龙实业,江西,化工原料,20150319
002705.SZ,2705,新宝股份,广东,家用电器,20140121
300546.SZ,300546,雄帝科技,深圳,IT设备,20160928
300377.SZ,300377,赢时胜,深圳,软件服务,20140127
002838.SZ,2838,道恩股份,山东,塑料,20170106
603023.SH,603023,威帝股份,黑龙江,汽车配件,20150527
603609.SH,603609,禾丰股份,辽宁,饲料,20140808
300376.SZ,300376,易事特,广东,电气设备,20140127
002728.SZ,2728,特一药业,广东,中成药,20140731
002724.SZ,2724,海洋王,深圳,元器件,20141104
300380.SZ,300380,安硕信息,上海,软件服务,20140128
603005.SH,603005,晶方科技,江苏,半导体,20140210
300365.SZ,300365,恒华科技,北京,软件服务,20140123
300359.SZ,300359,全通教育,广东,文教休闲,20140121
300399.SZ,300399,天利科技,江西,互联网,20141009
601326.SH,601326,秦港股份,河北,港口,20170816
603100.SH,603100,川仪股份,重庆,电器仪表,20140805
002905.SZ,2905,金逸影视,广东,影视音像,20171016
002712.SZ,2712,思美传媒,浙江,广告包装,20140123
300386.SZ,300386,飞天诚信,北京,IT设备,20140626
300405.SZ,300405,科隆股份,辽宁,化工原料,20141030
300387.SZ,300387,富邦科技,湖北,农药化肥,20140702
300378.SZ,300378,鼎捷数智,上海,软件服务,20140127
002773.SZ,2773,康弘药业,四川,化学制药,20150626
300390.SZ,300390,天华新能,江苏,电气设备,20140731
603099.SH,603099,长白山,吉林,旅游景点,20140822
603111.SH,603111,康尼机电,江苏,运输设备,20140801
000333.SZ,333,美的集团,广东,家用电器,20130918
600023.SH,600023,浙能电力,浙江,火力发电,20131219
603069.SH,603069,海汽集团,海南,公共交通,20160712
603158.SH,603158,腾龙股份,江苏,汽车配件,20150320
002801.SZ,2801,微光股份,浙江,电气设备,20160622
603117.SH,603117,万林物流,江苏,仓储物流,20150629
603979.SH,603979,金诚信,北京,铜,20150630
300476.SZ,300476,胜宏科技,广东,元器件,20150611
603309.SH,603309,维力医疗,广东,医疗保健,20150302
603997.SH,603997,继峰股份,浙江,汽车配件,20150302
601595.SH,601595,上海电影,上海,影视音像,20160817
002798.SZ,2798,帝欧水华,四川,家居用品,20160525
002802.SZ,2802,洪汇新材,江苏,化工原料,20160629
300435.SZ,300435,中泰股份,浙江,供气供热,20150326
603611.SH,603611,诺力股份,浙江,专用机械,20150128
300491.SZ,300491,通合科技,河北,电气设备,20151231
300596.SZ,300596,利安隆,天津,化工原料,20170119
603010.SH,603010,万盛股份,浙江,化工原料,20141010
603988.SH,603988,中电电机,江苏,电气设备,20141104
300521.SZ,300521,爱司凯,广东,专用机械,20160705
300579.SZ,300579,数字认证,北京,软件服务,20161223
002796.SZ,2796,世嘉科技,江苏,通信设备,20160510
603889.SH,603889,新澳股份,浙江,纺织,20141231
002800.SZ,2800,天顺股份,新疆,仓储物流,20160530
300393.SZ,300393,中来股份,江苏,塑料,20140912
002739.SZ,2739,儒意电影,北京,影视音像,20150122
300421.SZ,300421,力星股份,江苏,机械基件,20150217
300438.SZ,300438,鹏辉能源,广东,电气设备,20150424
300475.SZ,300475,香农芯创,安徽,元器件,20150610
002757.SZ,2757,南兴股份,广东,专用机械,20150527
600909.SH,600909,华安证券,安徽,证券,20161206
300411.SZ,300411,金盾股份,浙江,专用机械,20141231
300536.SZ,300536,农尚环境,湖北,建筑工程,20160920
300505.SZ,300505,川金诺,云南,农药化肥,20160315
300436.SZ,300436,广生堂,福建,化学制药,20150422
601211.SH,601211,国泰海通,上海,证券,20150626
603818.SH,603818,曲美家居,北京,家居用品,20150422
002779.SZ,2779,中坚科技,浙江,农用机械,20151209
603701.SH,603701,德宏股份,浙江,汽车配件,20160412
600958.SH,600958,东方证券,上海,证券,20150323
601198.SH,601198,东兴证券,北京,证券,20150226
603355.SH,603355,莱克电气,江苏,家用电器,20150513
603788.SH,603788,宁波高发,浙江,汽车配件,20150120
601689.SH,601689,拓普集团,浙江,汽车配件,20150319
601226.SH,601226,华电科工,北京,建筑工程,20141211
603227.SH,603227,雪峰科技,新疆,化工原料,20150515
603030.SH,603030,全筑股份,上海,装修装饰,20150320
603899.SH,603899,晨光股份,上海,文教休闲,20150127
300501.SZ,300501,海顺新材,上海,广告包装,20160204
603860.SH,603860,中公高科,北京,建筑工程,20170802
300437.SZ,300437,清水源,河南,化工原料,20150423
300409.SZ,300409,道氏技术,广东,电气设备,20141203
300467.SZ,300467,迅游科技,四川,互联网,20150527
300415.SZ,300415,伊之密,广东,专用机械,20150123
300530.SZ,300530,领湃科技,湖南,电气设备,20160809
300417.SZ,300417,南华仪器,广东,电器仪表,20150123
300452.SZ,300452,山河药辅,安徽,化学制药,20150515
603369.SH,603369,今世缘,江苏,白酒,20140703
603011.SH,603011,合锻智能,安徽,专用机械,20141107
603698.SH,603698,航天工程,北京,专用机械,20150128
601021.SH,601021,春秋航空,上海,空运,20150121
603726.SH,603726,朗迪集团,浙江,家用电器,20160421
603320.SH,603320,迪贝电气,浙江,电气设备,20170502
002768.SZ,2768,国恩股份,山东,塑料,20150630
603015.SH,603015,弘讯科技,浙江,电气设备,20150303
603606.SH,603606,东方电缆,浙江,电气设备,20141015
603696.SH,603696,安记食品,福建,食品,20151209
002730.SZ,2730,电光科技,浙江,专用机械,20141009
002761.SZ,2761,浙江建投,浙江,建筑工程,20150610
002791.SZ,2791,坚朗五金,广东,其他建材,20160329
002732.SZ,2732,燕塘乳业,广东,乳制品,20141205
603368.SH,603368,柳药集团,广西,医药商业,20141204
300463.SZ,300463,迈克生物,四川,医疗保健,20150528
300523.SZ,300523,辰安科技,北京,软件服务,20160726
002742.SZ,2742,三圣股份,重庆,水泥,20150217
300455.SZ,300455,航天智装,北京,IT设备,20150515
603318.SH,603318,水发燃气,辽宁,供气供热,20150424
300449.SZ,300449,汉邦高科,北京,IT设备,20150422
300443.SZ,300443,金雷股份,山东,电气设备,20150422
300398.SZ,300398,飞凯材料,上海,化工原料,20141009
603116.SH,603116,红蜻蜓,浙江,服饰,20150629
603866.SH,603866,桃李面包,辽宁,食品,20151222
002786.SZ,2786,银宝山新,深圳,专用机械,20151223
603730.SH,603730,岱美股份,上海,汽车配件,20170728
600959.SH,600959,江苏有线,江苏,影视音像,20150428
300384.SZ,300384,三联虹普,北京,建筑工程,20140801
603188.SH,603188,亚邦股份,江苏,染料涂料,20140909
603383.SH,603383,顶点软件,福建,软件服务,20170522
300406.SZ,300406,九强生物,北京,医疗保健,20141030
002771.SZ,2771,真视通,北京,软件服务,20150629
300441.SZ,300441,鲍斯股份,浙江,机床制造,20150423
300511.SZ,300511,雪榕生物,上海,种植业,20160504
300513.SZ,300513,恒实科技,北京,软件服务,20160530
300448.SZ,300448,浩云科技,广东,软件服务,20150424
002767.SZ,2767,先锋电子,浙江,电器仪表,20150612
002818.SZ,2818,富森美,四川,其他商业,20161109
603101.SH,603101,汇嘉时代,新疆,百货,20160506
603528.SH,603528,多伦科技,江苏,软件服务,20160503
603883.SH,603883,老百姓,湖南,医药商业,20150423
002735.SZ,2735,王子新材,深圳,塑料,20141203
603885.SH,603885,吉祥航空,上海,空运,20150527
603909.SH,603909,建发合诚,福建,建筑工程,20160628
002780.SZ,2780,三夫户外,北京,服饰,20151209
002741.SZ,2741,光华科技,广东,化工原料,20150216
603017.SH,603017,中衡设计,江苏,建筑工程,20141231
603798.SH,603798,康普顿,山东,石油加工,20160406
300374.SZ,300374,中铁装配,北京,其他建材,20150319
300418.SZ,300418,昆仑万维,北京,互联网,20150121
300552.SZ,300552,万集科技,北京,IT设备,20161021
300429.SZ,300429,强力新材,江苏,化工原料,20150324
300440.SZ,300440,运达科技,四川,软件服务,20150423
300407.SZ,300407,凯发电气,天津,电气设备,20141203
300529.SZ,300529,健帆生物,广东,医疗保健,20160802
002729.SZ,2729,好利科技,福建,元器件,20140912
603779.SH,603779,威龙股份,山东,红黄酒,20160516
002733.SZ,2733,雄韬股份,深圳,电气设备,20141203
002747.SZ,2747,埃斯顿,江苏,机械基件,20150320
603998.SH,603998,方盛制药,湖南,中成药,20141205
603901.SH,603901,永创智能,浙江,专用机械,20150529
603918.SH,603918,金桥信息,上海,软件服务,20150528
603703.SH,603703,盛洋科技,浙江,元器件,20150423
603567.SH,603567,珍宝岛,黑龙江,中成药,20150424
603608.SH,603608,天创时尚,广东,服饰,20160218
603031.SH,603031,安孚科技,安徽,电气设备,20160822
603520.SH,603520,司太立,浙江,化学制药,20160309
603999.SH,603999,读者传媒,甘肃,出版业,20151210
002755.SZ,2755,奥赛康,北京,化学制药,20150515
300466.SZ,300466,赛摩智能,江苏,电器仪表,20150528
300469.SZ,300469,信息发展,浙江,软件服务,20150611
601882.SH,601882,海天精工,浙江,机床制造,20161107
601985.SH,601985,中国核电,北京,新型电力,20150610
601069.SH,601069,西部黄金,新疆,黄金,20150122
002749.SZ,2749,国光股份,四川,农药化肥,20150320
601015.SH,601015,陕西黑猫,陕西,焦炭加工,20141105
002737.SZ,2737,葵花药业,黑龙江,中成药,20141230
603025.SH,603025,大豪科技,北京,纺织机械,20150422
300492.SZ,300492,华图山鼎,四川,文教休闲,20151223
300479.SZ,300479,神思电子,山东,软件服务,20150612
300464.SZ,300464,星徽股份,广东,机械基件,20150610
300424.SZ,300424,航新科技,广东,航空,20150422
300465.SZ,300465,高伟达,北京,软件服务,20150528
603969.SH,603969,银龙股份,天津,其他建材,20150227
601811.SH,601811,新华文轩,四川,出版业,20160808
603667.SH,603667,五洲新春,浙江,机械基件,20161025
603660.SH,603660,苏州科达,江苏,IT设备,20161201
002775.SZ,2775,文科股份,广东,建筑工程,20150629
002766.SZ,2766,索菱股份,深圳,汽车配件,20150611
002763.SZ,2763,汇洁股份,深圳,服饰,20150610
601968.SH,601968,宝钢包装,上海,广告包装,20150611
603868.SH,603868,飞科电器,上海,家用电器,20160418
603421.SH,603421,鼎信通讯,山东,通信设备,20161011
603515.SH,603515,欧普照明,上海,家用电器,20160819
603919.SH,603919,金徽酒,甘肃,白酒,20160310
603556.SH,603556,海兴电力,浙江,电器仪表,20161110
601500.SH,601500,通用股份,江苏,汽车配件,20160919
603816.SH,603816,顾家家居,浙江,家居用品,20161014
603569.SH,603569,长久物流,北京,公路,20160810
300480.SZ,300480,光力科技,河南,专用机械,20150702
300486.SZ,300486,东杰智能,山西,专用机械,20150630
300490.SZ,300490,华自科技,湖南,专用机械,20151231
300494.SZ,300494,盛天网络,湖北,互联网,20151231
300489.SZ,300489,光智科技,浙江,专用机械,20150701
300478.SZ,300478,杭州高新,浙江,塑料,20150610
300471.SZ,300471,厚普股份,四川,专用机械,20150611
603898.SH,603898,好莱客,广东,家居用品,20150217
603612.SH,603612,索通发展,山东,矿物制品,20170718
600939.SH,600939,重庆建工,重庆,建筑工程,20170221
603558.SH,603558,健盛集团,浙江,纺织,20150127
603090.SH,603090,宏盛股份,江苏,专用机械,20160831
603160.SH,603160,汇顶科技,深圳,半导体,20161017
603012.SH,603012,创力集团,上海,专用机械,20150320
603887.SH,603887,城地香江,上海,软件服务,20161010
603663.SH,603663,三祥新材,福建,小金属,20160801
603636.SH,603636,南威软件,福建,软件服务,20141230
002788.SZ,2788,鹭燕医药,福建,医药商业,20160218
603618.SH,603618,杭电股份,浙江,电气设备,20150217
603986.SH,603986,兆易创新,北京,半导体,20160818
603588.SH,603588,高能环境,北京,环境保护,20141229
002760.SZ,2760,凤形股份,江西,机械基件,20150611
002819.SZ,2819,东方中科,北京,电器仪表,20161111
300496.SZ,300496,中科创达,北京,软件服务,20151210
300547.SZ,300547,川环科技,四川,汽车配件,20160930
300522.SZ,300522,世名科技,江苏,染料涂料,20160705
300484.SZ,300484,蓝海华腾,深圳,电气设备,20160322
300432.SZ,300432,富临精工,四川,汽车配件,20150319
300535.SZ,300535,达威股份,四川,化工原料,20160812
300534.SZ,300534,陇神戎发,甘肃,中成药,20160913
300559.SZ,300559,佳发教育,四川,软件服务,20161101
603118.SH,603118,共进股份,深圳,通信设备,20150225
002793.SZ,2793,罗欣药业,山东,化学制药,20160415
002806.SZ,2806,华锋股份,广东,汽车配件,20160726
002787.SZ,2787,华源控股,江苏,广告包装,20151231
002811.SZ,2811,郑中设计,深圳,装修装饰,20160908
002821.SZ,2821,凯莱英,天津,生物制药,20161118
002809.SZ,2809,红墙股份,广东,化工原料,20160823
002832.SZ,2832,比音勒芬,广东,服饰,20161223
002817.SZ,2817,黄山胶囊,安徽,化学制药,20161025
300433.SZ,300433,蓝思科技,湖南,元器件,20150318
300512.SZ,300512,中亚股份,浙江,专用机械,20160526
002795.SZ,2795,永和智控,浙江,机械基件,20160428
601900.SH,601900,南方传媒,广东,出版业,20160215
300500.SZ,300500,启迪设计,江苏,建筑工程,20160204
002790.SZ,2790,瑞尔特,福建,家居用品,20160308
002753.SZ,2753,永东股份,山西,化工原料,20150519
603799.SH,603799,华友钴业,浙江,小金属,20150129
600936.SH,600936,北投科技,广西,软件服务,20160815
300517.SZ,300517,海波重科,湖北,建筑工程,20160719
603690.SH,603690,至纯科技,上海,半导体,20170113
002758.SZ,2758,浙农股份,浙江,批发业,20150527
002759.SZ,2759,天际股份,广东,电气设备,20150528
603159.SH,603159,上海亚虹,上海,专用机械,20160812
603589.SH,603589,口子窖,安徽,白酒,20150629
300519.SZ,300519,新光药业,浙江,中成药,20160624
300470.SZ,300470,中密控股,四川,机械基件,20150612
603977.SH,603977,国泰集团,江西,化工原料,20161111
300414.SZ,300414,中光防雷,四川,通信设备,20150513
300425.SZ,300425,中建环能,四川,环境保护,20150216
603900.SH,603900,莱绅通灵,江苏,服饰,20161123
601366.SH,601366,利群股份,山东,百货,20170412
601212.SH,601212,白银有色,甘肃,铜,20170215
300518.SZ,300518,新迅达,广西,互联网,20160624
300533.SZ,300533,冰川网络,深圳,互联网,20160818
300453.SZ,300453,三鑫医疗,江西,医疗保健,20150515
002797.SZ,2797,第一创业,深圳,证券,20160511
603060.SH,603060,国检集团,北京,建筑工程,20161109
603367.SH,603367,辰欣药业,山东,化学制药,20170929
603315.SH,603315,福鞍股份,辽宁,环境保护,20150424
603800.SH,603800,洪田股份,江苏,专用机械,20151210
603600.SH,603600,永艺股份,浙江,家居用品,20150123
603936.SH,603936,博敏电子,广东,元器件,20151209
603616.SH,603616,韩建河山,北京,水泥,20150611
300410.SZ,300410,正业科技,广东,专用机械,20141231
603338.SH,603338,浙江鼎力,浙江,工程机械,20150325
601966.SH,601966,玲珑轮胎,山东,汽车配件,20160706
603018.SH,603018,华设集团,江苏,建筑工程,20141013
300395.SZ,300395,菲利华,湖北,玻璃,20140910
603222.SH,603222,济民健康,浙江,医疗保健,20150217
603108.SH,603108,润达医疗,上海,医药商业,20150527
002813.SZ,2813,路畅科技,深圳,汽车配件,20161012
002823.SZ,2823,凯中精密,深圳,机械基件,20161124
601611.SH,601611,中国核建,上海,建筑工程,20160606
300510.SZ,300510,金冠股份,吉林,电气设备,20160506
300447.SZ,300447,全信股份,江苏,电气设备,20150422
300420.SZ,300420,五洋自控,江苏,机械基件,20150217
300516.SZ,300516,久之洋,湖北,电器仪表,20160602
300364.SZ,300364,中文在线,北京,出版业,20150121
603508.SH,603508,思维列控,河南,IT设备,20151224
300520.SZ,300520,科大国创,安徽,软件服务,20160708
603929.SH,603929,亚翔集成,江苏,装修装饰,20161230
603022.SH,603022,新通联,上海,广告包装,20150518
603131.SH,603131,上海沪工,上海,专用机械,20160607
002820.SZ,2820,桂发祥,天津,食品,20161118
603085.SH,603085,天成自控,浙江,汽车配件,20150630
603268.SH,603268,松发股份,广东,船舶,20150319
603020.SH,603020,爱普股份,上海,食品,20150325
603198.SH,603198,迎驾贡酒,安徽,白酒,20150528
300485.SZ,300485,赛升药业,北京,生物制药,20150626
601086.SH,601086,国芳集团,甘肃,百货,20170929
300404.SZ,300404,博济医药,广东,医疗保健,20150424
603958.SH,603958,哈森股份,江苏,服饰,20160629
603738.SH,603738,泰晶科技,湖北,元器件,20160928
603339.SH,603339,四方科技,江苏,专用机械,20160519
603266.SH,603266,天龙股份,浙江,汽车配件,20170110
300442.SZ,300442,润泽科技,河北,软件服务,20150424
002777.SZ,2777,久远银海,四川,软件服务,20151231
300528.SZ,300528,幸福蓝海,江苏,影视音像,20160808
300456.SZ,300456,赛微电子,北京,半导体,20150514
002803.SZ,2803,吉宏股份,福建,互联网,20160712
603939.SH,603939,益丰药房,湖南,医药商业,20150217
300461.SZ,300461,田中精机,浙江,专用机械,20150519
300416.SZ,300416,苏试试验,江苏,电器仪表,20150122
300468.SZ,300468,四方精创,深圳,软件服务,20150527
300572.SZ,300572,安车检测,深圳,电器仪表,20161206
300423.SZ,300423,昇辉科技,山东,电气设备,20150217
300537.SZ,300537,广信材料,江苏,染料涂料,20160830
603306.SH,603306,华懋科技,福建,汽车配件,20140926
603169.SH,603169,兰石重装,甘肃,专用机械,20141009
603859.SH,603859,能科科技,北京,软件服务,20161021
603878.SH,603878,武进不锈,江苏,钢加工,20161219
002772.SZ,2772,众兴菌业,甘肃,种植业,20150626
002828.SZ,2828,贝肯能源,新疆,石油开采,20161208
603033.SH,603033,三维股份,浙江,橡胶,20161207
603311.SH,603311,金海高科,浙江,家用电器,20150518
603028.SH,603028,赛福天,江苏,钢加工,20160331
603036.SH,603036,如通股份,江苏,专用机械,20161209
300473.SZ,300473,德尔股份,辽宁,汽车配件,20150612
603602.SH,603602,纵横通信,浙江,通信设备,20170810
300474.SZ,300474,景嘉微,湖南,元器件,20160331
300482.SZ,300482,万孚生物,广东,医疗保健,20150630
300497.SZ,300497,富祥药业,江西,化学制药,20151222
603066.SH,603066,音飞储存,江苏,仓储物流,20150611
603027.SH,603027,千禾味业,四川,食品,20160307
603987.SH,603987,康德莱,上海,医疗保健,20161121
603678.SH,603678,火炬电子,福建,元器件,20150126
601127.SH,601127,赛力斯,重庆,汽车整车,20160615
300549.SZ,300549,优德精密,江苏,专用机械,20160930
300600.SZ,300600,国瑞科技,江苏,船舶,20170125
300586.SZ,300586,美联新材,广东,化工原料,20170104
002829.SZ,2829,星网宇达,北京,航空,20161213
603258.SH,603258,电魂网络,浙江,互联网,20161026
603319.SH,603319,美湖股份,湖南,汽车配件,20161130
603568.SH,603568,伟明环保,浙江,环境保护,20150528
603444.SH,603444,吉比特,福建,互联网,20170104
603029.SH,603029,天鹅股份,山东,农用机械,20160427
002812.SZ,2812,恩捷股份,云南,电气设备,20160914
603639.SH,603639,海利尔,山东,农药化肥,20170112
300422.SZ,300422,博世科,广西,环境保护,20150217
300542.SZ,300542,新晨科技,北京,软件服务,20160920
300509.SZ,300509,新美星,江苏,专用机械,20160425
300499.SZ,300499,高澜股份,广东,专用机械,20160202
603007.SH,603007,花王股份,江苏,建筑工程,20160826
603658.SH,603658,安图生物,河南,医疗保健,20160901
300503.SZ,300503,昊志机电,广东,机械基件,20160309
603043.SH,603043,广州酒家,广东,食品,20170627
603313.SH,603313,梦百合,江苏,家居用品,20161013
300508.SZ,300508,维宏股份,上海,软件服务,20160419
300412.SZ,300412,迦南科技,浙江,医疗保健,20141231
603819.SH,603819,神力股份,江苏,电气设备,20161125
603299.SH,603299,苏盐井神,江苏,食品,20151231
603026.SH,603026,石大胜华,山东,化工原料,20150529
002825.SZ,2825,纳尔股份,上海,化工原料,20161129
300525.SZ,300525,博思软件,福建,软件服务,20160726
300545.SZ,300545,联得装备,深圳,专用机械,20160928
300543.SZ,300543,朗科智能,深圳,元器件,20160908
300531.SZ,300531,优博讯,深圳,IT设备,20160809
300570.SZ,300570,太辰光,深圳,通信设备,20161206
600977.SH,600977,中国电影,北京,影视音像,20160809
603300.SH,603300,海南华铁,浙江,多元金融,20150529
603598.SH,603598,引力传媒,北京,互联网,20150527
603019.SH,603019,中科曙光,天津,IT设备,20141106
603689.SH,603689,皖天然气,安徽,供气供热,20170110
603519.SH,603519,立霸股份,江苏,家用电器,20150319
002785.SZ,2785,万里石,福建,其他建材,20151223
603067.SH,603067,振华股份,湖北,化工原料,20160913
300665.SZ,300665,飞鹿股份,湖南,染料涂料,20170613
300573.SZ,300573,兴齐眼药,辽宁,化学制药,20161208
300428.SZ,300428,立中集团,河北,汽车配件,20150319
603601.SH,603601,再升科技,重庆,玻璃,20150122
002835.SZ,2835,同为股份,深圳,IT设备,20161228
601878.SH,601878,浙商证券,浙江,证券,20170626
603886.SH,603886,元祖股份,上海,食品,20161228
603858.SH,603858,步长制药,山东,中成药,20161118
002736.SZ,2736,国信证券,深圳,证券,20141229
603345.SH,603345,安井食品,福建,食品,20170222
300426.SZ,300426,华智数媒,浙江,影视音像,20150217
002765.SZ,2765,蓝黛科技,重庆,元器件,20150612
002810.SZ,2810,山东赫达,山东,化工原料,20160826
300434.SZ,300434,金石亚药,四川,化学制药,20150424
300539.SZ,300539,横河精密,浙江,塑料,20160830
300488.SZ,300488,恒锋工具,浙江,机械基件,20150701
603808.SH,603808,歌力思,深圳,服饰,20150422
603737.SH,603737,三棵树,福建,染料涂料,20160603
603778.SH,603778,国晟科技,北京,电气设备,20151231
300439.SZ,300439,美康生物,浙江,医疗保健,20150422
603223.SH,603223,恒通股份,山东,公路,20150630
603016.SH,603016,新宏泰,江苏,电气设备,20160701
300450.SZ,300450,先导智能,江苏,专用机械,20150518
300502.SZ,300502,新易盛,四川,通信设备,20160303
300446.SZ,300446,航天智造,河北,汽车配件,20150423
603628.SH,603628,清源股份,福建,电气设备,20170112
300427.SZ,300427,红相股份,福建,电气设备,20150217
300493.SZ,300493,润欣科技,上海,元器件,20151210
300459.SZ,300459,汤姆猫,浙江,互联网,20150515
300487.SZ,300487,蓝晓科技,陕西,化工原料,20150702
300457.SZ,300457,赢合科技,深圳,专用机械,20150514
603968.SH,603968,醋化股份,江苏,化工原料,20150518
300548.SZ,300548,长芯博创,浙江,通信设备,20161012
300451.SZ,300451,创业慧康,浙江,软件服务,20150514
300560.SZ,300560,中富通,福建,通信设备,20161101
300550.SZ,300550,和仁科技,浙江,软件服务,20161018
300394.SZ,300394,天孚通信,江苏,通信设备,20150217
300556.SZ,300556,丝路视觉,深圳,软件服务,20161104
300538.SZ,300538,同益股份,深圳,塑料,20160826
300551.SZ,300551,古鳌科技,上海,软件服务,20161018
300569.SZ,300569,天能重工,山东,电气设备,20161125
300631.SZ,300631,久吾高科,江苏,环境保护,20170323
300515.SZ,300515,三德科技,湖南,电器仪表,20160608
300553.SZ,300553,集智股份,浙江,电器仪表,20161021
300540.SZ,300540,蜀道装备,四川,专用机械,20160823
300558.SZ,300558,贝达药业,浙江,化学制药,20161107
300541.SZ,300541,先进数通,北京,软件服务,20160913
601858.SH,601858,中国科传,北京,出版业,20170118
603239.SH,603239,浙江仙通,浙江,汽车配件,20161230
603186.SH,603186,华正新材,浙江,元器件,20170103
603716.SH,603716,塞力医疗,湖北,医药商业,20161031
603888.SH,603888,新华网,北京,互联网,20161028
603416.SH,603416,信捷电气,江苏,电器仪表,20161221
603633.SH,603633,徕木股份,上海,汽车配件,20161117
603098.SH,603098,森特股份,北京,装修装饰,20161216
603669.SH,603669,灵康药业,西藏,化学制药,20150528
601163.SH,601163,三角轮胎,山东,汽车配件,20160909
603505.SH,603505,金石资源,浙江,化工原料,20170503
603708.SH,603708,家家悦,山东,超市连锁,20161213
002865.SZ,2865,钧达股份,海南,电气设备,20170425
002836.SZ,2836,新宏泽,广东,广告包装,20161229
002842.SZ,2842,翔鹭钨业,广东,小金属,20170119
002824.SZ,2824,和胜股份,广东,铝,20170112
603203.SH,603203,快克智能,江苏,专用机械,20161108
603035.SH,603035,常熟汽饰,江苏,汽车配件,20170105
603727.SH,603727,博迈科,天津,石油开采,20161122
300458.SZ,300458,全志科技,广东,半导体,20150515
300413.SZ,300413,芒果超媒,湖南,影视音像,20150121
300481.SZ,300481,濮阳惠成,河南,化工原料,20150630
300408.SZ,300408,三环集团,广东,元器件,20141203
600908.SH,600908,无锡银行,江苏,银行,20160923
002839.SZ,2839,张家港行,江苏,银行,20170124
601229.SH,601229,上海银行,上海,银行,20161116
603323.SH,603323,苏农银行,江苏,银行,20161129
600919.SH,600919,江苏银行,江苏,银行,20160802
002807.SZ,2807,江阴银行,江苏,银行,20160902
601128.SH,601128,常熟银行,江苏,银行,20160930
601997.SH,601997,贵阳银行,贵州,银行,20160816
600926.SH,600926,杭州银行,浙江,银行,20161027
603322.SH,603322,超讯通信,广东,通信设备,20160728
300582.SZ,300582,英飞特,浙江,元器件,20161228
300557.SZ,300557,理工光科,湖北,电器仪表,20161101
603336.SH,603336,宏辉果蔬,广东,农业综合,20161124
300623.SZ,300623,捷捷微电,江苏,半导体,20170314
002840.SZ,2840,华统股份,浙江,食品,20170110
601881.SH,601881,中国银河,北京,证券,20170123
603797.SH,603797,联泰环保,广东,环境保护,20170413
300563.SZ,300563,神宇股份,江苏,通信设备,20161114
002833.SZ,2833,弘亚数控,广东,专用机械,20161228
300657.SZ,300657,弘信电子,福建,元器件,20170523
300562.SZ,300562,乐心医疗,广东,医疗保健,20161116
300565.SZ,300565,科信技术,深圳,通信设备,20161122
603585.SH,603585,苏利股份,江苏,农药化肥,20161214
002831.SZ,2831,裕同科技,深圳,广告包装,20161216
002845.SZ,2845,同兴达,深圳,元器件,20170125
603990.SH,603990,麦迪科技,江苏,软件服务,20161208
603577.SH,603577,汇金通,山东,电气设备,20161222
603298.SH,603298,杭叉集团,浙江,工程机械,20161227
603668.SH,603668,天马科技,福建,饲料,20170117
603966.SH,603966,法兰泰克,江苏,专用机械,20170125
300587.SZ,300587,天铁科技,浙江,橡胶,20170105
300575.SZ,300575,中旗股份,江苏,农药化肥,20161220
603833.SH,603833,欧派家居,广东,家居用品,20170328
002837.SZ,2837,英维克,深圳,专用机械,20161229
300686.SZ,300686,智动力,深圳,元器件,20170804
300566.SZ,300566,激智科技,浙江,元器件,20161115
300567.SZ,300567,精测电子,湖北,电器仪表,20161122
002857.SZ,2857,三晖电气,河南,电器仪表,20170323
002841.SZ,2841,视源股份,广东,元器件,20170119
603637.SH,603637,镇海股份,浙江,建筑工程,20170208
603877.SH,603877,太平鸟,浙江,服饰,20170109
603928.SH,603928,兴业股份,江苏,化工原料,20161212
603086.SH,603086,先达股份,山东,农药化肥,20170511
603218.SH,603218,日月股份,浙江,电气设备,20161228
603823.SH,603823,百合花,浙江,染料涂料,20161220
603228.SH,603228,景旺电子,深圳,元器件,20170106
300615.SZ,300615,欣天科技,深圳,通信设备,20170215
603638.SH,603638,艾迪精密,山东,专用机械,20170120
603579.SH,603579,荣泰健康,上海,家用电器,20170111
603677.SH,603677,奇精机械,浙江,家用电器,20170206
002858.SZ,2858,力盛体育,上海,文教休闲,20170324
603177.SH,603177,德创环保,浙江,环境保护,20170207
603538.SH,603538,美诺华,浙江,化学制药,20170407
601020.SH,601020,华钰矿业,西藏,铅锌,20160316
300682.SZ,300682,朗新科技,江苏,软件服务,20170801
603039.SH,603039,泛微网络,上海,软件服务,20170113
603037.SH,603037,凯众股份,上海,汽车配件,20170120
603811.SH,603811,诚意药业,浙江,化学制药,20170315
601375.SH,601375,中原证券,河南,证券,20170103
603881.SH,603881,数据港,上海,软件服务,20170208
603626.SH,603626,科森科技,江苏,元器件,20170209
002850.SZ,2850,科达利,深圳,电气设备,20170302
002861.SZ,2861,瀛通通讯,湖北,元器件,20170413
300606.SZ,300606,金太阳,广东,机械基件,20170208
300619.SZ,300619,金银河,广东,专用机械,20170301
603303.SH,603303,得邦照明,浙江,家用电器,20170330
601228.SH,601228,广州港,广东,港口,20170329
300580.SZ,300580,贝斯特,江苏,汽车配件,20170111
603358.SH,603358,华达科技,江苏,汽车配件,20170125
603038.SH,603038,华立股份,广东,家居用品,20170116
603040.SH,603040,新坐标,浙江,汽车配件,20170209
300578.SZ,300578,会畅科技,上海,通信设备,20170125
300571.SZ,300571,平治信息,浙江,互联网,20161213
300598.SZ,300598,诚迈科技,江苏,软件服务,20170120
002867.SZ,2867,周大生,深圳,服饰,20170427
603165.SH,603165,荣晟环保,浙江,造纸,20170117
603839.SH,603839,安正时尚,浙江,服饰,20170214
603360.SH,603360,百傲化学,辽宁,农药化肥,20170206
002855.SZ,2855,捷荣技术,广东,元器件,20170321
603208.SH,603208,江山欧派,浙江,家居用品,20170210
603032.SH,603032,德新科技,新疆,专用机械,20170105
603908.SH,603908,牧高笛,浙江,纺织,20170307
300597.SZ,300597,吉大通信,吉林,通信设备,20170123
603665.SH,603665,康隆达,浙江,服饰,20170313
300581.SZ,300581,晨曦航空,陕西,航空,20161220
300576.SZ,300576,容大感光,深圳,染料涂料,20161220
300684.SZ,300684,中石科技,北京,元器件,20171227
000166.SZ,166,申万宏源,新疆,证券,20150126
603089.SH,603089,正裕工业,浙江,汽车配件,20170126
002846.SZ,2846,英联股份,广东,广告包装,20170207
002847.SZ,2847,盐津铺子,湖南,食品,20170208
300592.SZ,300592,华凯易佰,湖南,互联网,20170120
603817.SH,603817,海峡环保,福建,环境保护,20170220
300678.SZ,300678,中科信息,四川,软件服务,20170728
603337.SH,603337,杰克科技,浙江,纺织机械,20170119
300568.SZ,300568,星源材质,深圳,化工原料,20161201
603238.SH,603238,诺邦股份,浙江,纺织,20170222
002853.SZ,2853,皮阿诺,广东,家居用品,20170310
603330.SH,603330,天洋新材,上海,塑料,20170213
603615.SH,603615,茶花股份,福建,家居用品,20170213
603656.SH,603656,泰禾智能,安徽,专用机械,20170321
300617.SZ,300617,安靠智电,江苏,电气设备,20170228
002849.SZ,2849,威星智能,浙江,电器仪表,20170217
600996.SH,600996,贵广网络,贵州,影视音像,20161226
603393.SH,603393,新天然气,新疆,供气供热,20160912
603630.SH,603630,拉芳家化,广东,日用化工,20170313
603955.SH,603955,大千生态,江苏,建筑工程,20170310
603138.SH,603138,海量数据,北京,软件服务,20170306
603960.SH,603960,克来机电,上海,汽车配件,20170314
603896.SH,603896,寿仙谷,浙江,中成药,20170510
002852.SZ,2852,道道全,湖南,食品,20170310
300659.SZ,300659,中孚信息,山东,IT设备,20170526
603903.SH,603903,中持股份,北京,环境保护,20170314
603991.SH,603991,至正股份,深圳,半导体,20170308
603768.SH,603768,常青股份,安徽,汽车配件,20170324
300647.SZ,300647,超频三,深圳,化工原料,20170503
603385.SH,603385,惠达卫浴,河北,家居用品,20170405
002875.SZ,2875,安奈儿,深圳,服饰,20170601
603178.SH,603178,圣龙股份,浙江,汽车配件,20170328
002774.SZ,2774,快意电梯,广东,运输设备,20170324
603078.SH,603078,江化微,江苏,半导体,20170410
603396.SH,603396,金辰股份,辽宁,专用机械,20171018
603787.SH,603787,新日股份,江苏,摩托车,20170427
603179.SH,603179,新泉股份,江苏,汽车配件,20170317
601952.SH,601952,苏垦农发,江苏,种植业,20170515
603920.SH,603920,世运电路,广东,元器件,20170426
300593.SZ,300593,新雷能,北京,电气设备,20170113
300577.SZ,300577,开润股份,安徽,纺织,20161221
603096.SH,603096,新经典,天津,出版业,20170425
603803.SH,603803,瑞斯康达,北京,通信设备,20170420
002862.SZ,2862,实丰文化,广东,文教休闲,20170411
603758.SH,603758,秦安股份,重庆,汽车配件,20170517
603050.SH,603050,科林电气,河北,电气设备,20170414
002906.SZ,2906,华阳集团,广东,汽车配件,20171013
002878.SZ,2878,元隆雅图,北京,广告包装,20170606
603906.SH,603906,龙蟠科技,江苏,电气设备,20170410
603180.SH,603180,金牌家居,福建,家居用品,20170512
603041.SH,603041,美思德,江苏,化工原料,20170330
603536.SH,603536,惠发食品,山东,食品,20170613
603113.SH,603113,金能科技,山东,化工原料,20170511
300629.SZ,300629,新劲刚,广东,元器件,20170324
300583.SZ,300583,赛托生物,山东,化学制药,20170106
002882.SZ,2882,金龙羽,深圳,电气设备,20170717
603232.SH,603232,格尔软件,上海,软件服务,20170421
603269.SH,603269,海鸥股份,江苏,机械基件,20170517
603229.SH,603229,奥翔药业,浙江,化学制药,20170509
603826.SH,603826,坤彩科技,福建,染料涂料,20170414
002859.SZ,2859,洁美科技,浙江,元器件,20170407
603058.SH,603058,永吉股份,贵州,广告包装,20161223
603855.SH,603855,华荣股份,上海,专用机械,20170524
603127.SH,603127,昭衍新药,北京,医疗保健,20170825
002870.SZ,2870,香山股份,广东,汽车配件,20170515
300589.SZ,300589,江龙船艇,广东,船舶,20170113
300601.SZ,300601,康泰生物,深圳,生物制药,20170207
002902.SZ,2902,铭普光磁,广东,通信设备,20170929
300585.SZ,300585,奥联电子,江苏,汽车配件,20161229
603926.SH,603926,铁流股份,浙江,汽车配件,20170510
002860.SZ,2860,星帅尔,浙江,家用电器,20170412
603501.SH,603501,豪威集团,上海,半导体,20170504
603200.SH,603200,上海洗霸,上海,环境保护,20170601
300612.SZ,300612,宣亚国际,北京,广告包装,20170215
603586.SH,603586,金麒麟,山东,汽车配件,20170406
603139.SH,603139,康惠股份,陕西,中成药,20170421
603776.SH,603776,永安行,江苏,公共交通,20170817
603496.SH,603496,恒为科技,上海,IT设备,20170607
002871.SZ,2871,伟隆股份,山东,机械基件,20170511
603728.SH,603728,鸣志电器,上海,电气设备,20170509
002869.SZ,2869,金溢科技,深圳,通信设备,20170515
300588.SZ,300588,熙菱信息,新疆,IT设备,20170105
300590.SZ,300590,移为通信,上海,通信设备,20170111
300613.SZ,300613,富瀚微,上海,半导体,20170220
300618.SZ,300618,寒锐钴业,江苏,小金属,20170306
300616.SZ,300616,尚品宅配,广东,家居用品,20170307
002876.SZ,2876,三利谱,深圳,元器件,20170525
603717.SH,603717,天域生物,重庆,农业综合,20170327
603879.SH,603879,永悦科技,江苏,化工原料,20170614
603081.SH,603081,大丰实业,浙江,专用机械,20170420
002863.SZ,2863,今飞凯达,浙江,汽车配件,20170418
300645.SZ,300645,正元智慧,浙江,软件服务,20170421
300610.SZ,300610,晨化股份,江苏,化工原料,20170213
300675.SZ,300675,建科院,深圳,建筑工程,20170719
300638.SZ,300638,广和通,深圳,通信设备,20170413
300602.SZ,300602,飞荣达,深圳,元器件,20170126
300595.SZ,300595,欧普康视,安徽,医疗保健,20170117
300584.SZ,300584,海辰药业,江苏,化学制药,20170112
300599.SZ,300599,雄塑科技,广东,塑料,20170123
603335.SH,603335,迪生力,广东,汽车配件,20170620
300605.SZ,300605,恒锋信息,福建,软件服务,20170208
300591.SZ,300591,万里马,广东,服饰,20170110
300639.SZ,300639,凯普生物,广东,医疗保健,20170412
300608.SZ,300608,思特奇,北京,软件服务,20170213
603316.SH,603316,诚邦股份,浙江,建筑工程,20170619
603331.SH,603331,百达精工,浙江,专用机械,20170705
603856.SH,603856,东宏股份,山东,塑料,20171106
603488.SH,603488,展鹏科技,江苏,运输设备,20170516
603679.SH,603679,华体科技,四川,电气设备,20170621
300498.SZ,300498,温氏股份,广东,农业综合,20151102
603357.SH,603357,设计总院,安徽,建筑工程,20170801
002866.SZ,2866,传艺科技,江苏,IT设备,20170426
603970.SH,603970,中农立华,北京,农药化肥,20171116
002877.SZ,2877,智能自控,江苏,机械基件,20170605
002900.SZ,2900,哈三联,黑龙江,化学制药,20170922
002880.SZ,2880,卫光生物,深圳,生物制药,20170616
603063.SH,603063,禾望电气,深圳,电气设备,20170728
002886.SZ,2886,沃特股份,深圳,塑料,20170627
603387.SH,603387,基蛋生物,江苏,医疗保健,20170717
002879.SZ,2879,长缆科技,湖南,电气设备,20170707
603196.SH,603196,璞源材料,上海,服饰,20170531
603978.SH,603978,深圳新星,深圳,小金属,20170807
601108.SH,601108,财通证券,浙江,证券,20171024
603042.SH,603042,华脉科技,江苏,通信设备,20170602
002893.SZ,2893,京能热力,北京,供气供热,20170915
603725.SH,603725,天安新材,广东,塑料,20170906
603985.SH,603985,恒润股份,江苏,电气设备,20170505
603619.SH,603619,中曼石油,上海,石油开采,20171117
603938.SH,603938,三孚股份,河北,化工原料,20170628
603711.SH,603711,香飘飘,浙江,软饮料,20171130
603880.SH,603880,南卫股份,江苏,医疗保健,20170807
002884.SZ,2884,凌霄泵业,广东,机械基件,20170711
603767.SH,603767,中马传动,浙江,汽车配件,20170613
603079.SH,603079,圣达生物,浙江,食品,20170823
300622.SZ,300622,博士眼镜,深圳,其他商业,20170315
300611.SZ,300611,美力科技,浙江,汽车配件,20170220
300609.SZ,300609,汇纳科技,上海,软件服务,20170215
300708.SZ,300708,聚灿光电,江苏,半导体,20171016
300625.SZ,300625,三雄极光,广东,家用电器,20170317
300621.SZ,300621,维业股份,深圳,装修装饰,20170316
300661.SZ,300661,圣邦股份,北京,半导体,20170606
300627.SZ,300627,华测导航,上海,通信设备,20170321
300626.SZ,300626,华瑞股份,浙江,电气设备,20170320
300620.SZ,300620,光库科技,广东,通信设备,20170310
300633.SZ,300633,开立医疗,深圳,医疗保健,20170406
300628.SZ,300628,亿联网络,福建,通信设备,20170317
300701.SZ,300701,森霸传感,河南,元器件,20170915
300695.SZ,300695,兆丰股份,浙江,汽车配件,20170908
300637.SZ,300637,扬帆新材,浙江,化工原料,20170412
300603.SZ,300603,立昂技术,新疆,通信设备,20170126
300635.SZ,300635,中达安,广东,建筑工程,20170331
300699.SZ,300699,光威复材,山东,化纤,20170901
300636.SZ,300636,同和药业,江西,化学制药,20170331
300662.SZ,300662,科锐国际,北京,文教休闲,20170608
300670.SZ,300670,大烨智能,江苏,电气设备,20170703
300663.SZ,300663,科蓝软件,北京,软件服务,20170608
300700.SZ,300700,岱勒新材,湖南,矿物制品,20170912
601155.SH,601155,新城控股,江苏,区域地产,20151204
603055.SH,603055,台华新材,浙江,纺织,20170921
603535.SH,603535,嘉诚国际,广东,仓储物流,20170808
603233.SH,603233,大参林,广东,医药商业,20170731
300652.SZ,300652,雷迪克,浙江,汽车配件,20170516
300648.SZ,300648,星云股份,福建,电气设备,20170425
300685.SZ,300685,艾德生物,福建,医疗保健,20170802
601019.SH,601019,山东出版,山东,出版业,20171122
603289.SH,603289,泰瑞机器,浙江,专用机械,20171031
300643.SZ,300643,万通智控,浙江,汽车配件,20170505
300514.SZ,300514,友讯达,深圳,电器仪表,20170426
300650.SZ,300650,太龙股份,福建,元器件,20170503
300653.SZ,300653,正海生物,山东,医疗保健,20170516
300676.SZ,300676,华大基因,深圳,医疗保健,20170714
603110.SH,603110,东方材料,安徽,染料涂料,20171013
603226.SH,603226,菲林格尔,上海,家居用品,20170615
603648.SH,603648,畅联股份,上海,仓储物流,20170913
603916.SH,603916,苏博特,江苏,化工原料,20171110
603683.SH,603683,晶华新材,上海,化工原料,20171020
603933.SH,603933,睿能科技,福建,元器件,20170706
002887.SZ,2887,绿茵生态,天津,环境保护,20170801
300690.SZ,300690,双一科技,山东,电气设备,20170808
300641.SZ,300641,正丹股份,江苏,化工原料,20170418
300680.SZ,300680,隆盛科技,江苏,汽车配件,20170725
300604.SZ,300604,长川科技,浙江,半导体,20170417
300642.SZ,300642,透景生命,上海,医疗保健,20170421
300658.SZ,300658,延江股份,福建,纺织,20170602
300651.SZ,300651,金陵体育,江苏,文教休闲,20170509
300649.SZ,300649,杭州园林,浙江,建筑工程,20170505
300554.SZ,300554,三超新材,江苏,矿物制品,20170421
300703.SZ,300703,创源股份,浙江,文教休闲,20170919
002909.SZ,2909,集泰股份,广东,化工原料,20171026
603286.SH,603286,日盈电子,江苏,汽车配件,20170627
603329.SH,603329,上海雅仕,上海,仓储物流,20171229
603809.SH,603809,豪能股份,四川,汽车配件,20171128
001979.SZ,1979,招商蛇口,深圳,全国地产,20151230
300666.SZ,300666,江丰电子,浙江,半导体,20170615
300660.SZ,300660,江苏雷利,江苏,电气设备,20170602
300667.SZ,300667,必创科技,北京,电器仪表,20170619
300655.SZ,300655,晶瑞电材,江苏,半导体,20170523
603757.SH,603757,大元泵业,浙江,机械基件,20170711
002827.SZ,2827,高争民爆,西藏,化工原料,20161209
603326.SH,603326,我乐家居,江苏,家居用品,20170616
603980.SH,603980,吉华集团,浙江,染料涂料,20170615
603458.SH,603458,勘设股份,贵州,建筑工程,20170809
603260.SH,603260,合盛硅业,浙江,化工原料,20171030
601619.SH,601619,嘉泽新能,宁夏,新型电力,20170720
002890.SZ,2890,弘宇股份,山东,农用机械,20170802
601949.SH,601949,中国出版,北京,出版业,20170821
603617.SH,603617,君禾股份,浙江,机械基件,20170703
603882.SH,603882,金域医学,广东,医疗保健,20170908
002826.SZ,2826,易明医药,西藏,化学制药,20161209
300656.SZ,300656,民德电子,深圳,IT设备,20170519
603136.SH,603136,天目湖,江苏,旅游景点,20170927
300671.SZ,300671,富满微,深圳,半导体,20170705
603801.SH,603801,志邦家居,安徽,家居用品,20170630
002888.SZ,2888,惠威科技,广东,元器件,20170721
002885.SZ,2885,京泉华,深圳,元器件,20170627
603707.SH,603707,健友股份,江苏,生物制药,20170719
300693.SZ,300693,盛弘股份,深圳,电气设备,20170822
300640.SZ,300640,德艺文创,福建,家居用品,20170417
300706.SZ,300706,阿石创,福建,元器件,20170926
603380.SH,603380,易德龙,江苏,元器件,20170622
002881.SZ,2881,美格智能,深圳,元器件,20170622
603305.SH,603305,旭升集团,浙江,汽车配件,20170710
300681.SZ,300681,英搏尔,广东,汽车配件,20170725
603129.SH,603129,春风动力,浙江,摩托车,20170818
300688.SZ,300688,创业黑马,北京,文教休闲,20170810
300677.SZ,300677,英科医疗,山东,医疗保健,20170721
300712.SZ,300712,永福股份,福建,建筑工程,20171031
002891.SZ,2891,中宠股份,山东,饲料,20170821
603365.SH,603365,水星家纺,上海,纺织,20171120
603106.SH,603106,恒银科技,天津,IT设备,20170920
300668.SZ,300668,杰恩股份,深圳,装修装饰,20170619
300691.SZ,300691,联合光电,广东,元器件,20170811
300672.SZ,300672,国科微,湖南,半导体,20170712
300669.SZ,300669,沪宁股份,浙江,运输设备,20170629
002897.SZ,2897,意华股份,浙江,元器件,20170907
603500.SH,603500,祥和实业,浙江,运输设备,20170904
002895.SZ,2895,川恒股份,贵州,化工原料,20170825
002901.SZ,2901,大博医疗,福建,医疗保健,20170922
603976.SH,603976,正川股份,重庆,医疗保健,20170822
300683.SZ,300683,海特生物,湖北,生物制药,20170808
603386.SH,603386,骏亚科技,广东,元器件,20170912
603605.SH,603605,珀莱雅,浙江,日用化工,20171115
603183.SH,603183,建研院,江苏,建筑工程,20170905
603363.SH,603363,傲农生物,福建,饲料,20170926
603181.SH,603181,皇马科技,浙江,化工原料,20170824
603321.SH,603321,梅轮电梯,浙江,运输设备,20170915
300687.SZ,300687,赛意信息,广东,软件服务,20170803
603076.SH,603076,乐惠国际,浙江,专用机械,20171113
300679.SZ,300679,电连技术,深圳,元器件,20170731
603083.SH,603083,剑桥科技,上海,通信设备,20171110
002892.SZ,2892,科力尔,湖南,电气设备,20170817
002920.SZ,2920,德赛西威,广东,汽车配件,20171226
603499.SH,603499,翔港科技,上海,广告包装,20171016
300723.SZ,300723,一品红,广东,化学制药,20171116
603659.SH,603659,璞泰来,上海,化工原料,20171103
603283.SH,603283,赛腾股份,江苏,专用机械,20171225
603533.SH,603533,掌阅科技,北京,互联网,20170921
300689.SZ,300689,澄天伟业,深圳,通信设备,20170809
600025.SH,600025,华能水电,云南,水力发电,20171215
002918.SZ,2918,蒙娜丽莎,广东,陶瓷,20171219
603103.SH,603103,横店影视,浙江,影视音像,20171012
002919.SZ,2919,名臣健康,广东,互联网,20171218
002921.SZ,2921,联诚精密,山东,汽车配件,20171227
603917.SH,603917,合力科技,浙江,汽车配件,20171204
002903.SZ,2903,宇环数控,湖南,机床制造,20171013
002899.SZ,2899,英派斯,山东,文教休闲,20170915
002896.SZ,2896,中大力德,浙江,机械基件,20170829
603507.SH,603507,振江股份,江苏,电气设备,20171106
300720.SZ,300720,海川智能,广东,电器仪表,20171106
300696.SZ,300696,爱乐达,四川,航空,20170822
300697.SZ,300697,电工合金,江苏,铜,20170907
300717.SZ,300717,华信新材,江苏,塑料,20171106
300713.SZ,300713,英可瑞,深圳,电气设备,20171101
300692.SZ,300692,中赋科技,安徽,环境保护,20170821
300709.SZ,300709,精研科技,江苏,元器件,20171019
300730.SZ,300730,科创信息,湖南,软件服务,20171205
603655.SH,603655,朗博科技,江苏,汽车配件,20171229
002908.SZ,2908,德生科技,广东,软件服务,20171020
603829.SH,603829,洛凯股份,江苏,电气设备,20171017
603466.SH,603466,风语筑,上海,文教休闲,20171020
002912.SZ,2912,中新赛克,深圳,IT设备,20171121
002907.SZ,2907,华森制药,重庆,中成药,20171020
002922.SZ,2922,伊戈尔,广东,电气设备,20171229
300702.SZ,300702,天宇股份,浙江,化学制药,20170919
603912.SH,603912,佳力图,江苏,专用机械,20171101
002915.SZ,2915,中欣氟材,浙江,化工原料,20171205
300719.SZ,300719,安达维尔,北京,航空,20171109
002913.SZ,2913,奥士康,湖南,元器件,20171201
603848.SH,603848,好太太,广东,家居用品,20171201
300726.SZ,300726,宏达电子,湖南,元器件,20171121
300707.SZ,300707,威唐工业,江苏,汽车配件,20171010
603607.SH,603607,京华激光,浙江,造纸,20171025
603685.SH,603685,晨丰科技,浙江,电气设备,20171127
603661.SH,603661,恒林股份,浙江,家居用品,20171121
603676.SH,603676,卫信康,西藏,化学制药,20170721
002910.SZ,2910,庄园牧场,甘肃,乳制品,20171031
300607.SZ,300607,拓斯达,广东,专用机械,20170209
603578.SH,603578,三星新材,浙江,家用电器,20170306
603278.SH,603278,大业股份,山东,钢加工,20171113
600903.SH,600903,贵州燃气,贵州,供气供热,20171107
300710.SZ,300710,万隆光电,浙江,通信设备,20171019
300731.SZ,300731,科创新源,深圳,橡胶,20171208
300727.SZ,300727,润禾材料,浙江,化工原料,20171127
300711.SZ,300711,广哈通信,广东,通信设备,20171101
002917.SZ,2917,金奥博,深圳,化工原料,20171208
300718.SZ,300718,长盛轴承,浙江,机械基件,20171106
002864.SZ,2864,盘龙药业,陕西,中成药,20171116
002916.SZ,2916,深南电路,深圳,元器件,20171213
300721.SZ,300721,怡达股份,江苏,化工原料,20171115
300732.SZ,300732,设研院,河南,建筑工程,20171212
300735.SZ,300735,光弘科技,广东,元器件,20171229
300722.SZ,300722,新余国科,江西,航空,20171110
300632.SZ,300632,光莆股份,福建,半导体,20170406
300715.SZ,300715,凯伦股份,江苏,其他建材,20171026
601200.SH,601200,上海环境,上海,环境保护,20170331
603225.SH,603225,新凤鸣,浙江,化纤,20170418
300725.SZ,300725,药石科技,江苏,化学制药,20171110
603890.SH,603890,春秋电子,江苏,元器件,20171212
002873.SZ,2873,新天药业,贵州,中成药,20170519
603477.SH,603477,巨星农牧,四川,农业综合,20171218
300673.SZ,300673,佩蒂股份,浙江,饲料,20170711
603722.SH,603722,阿科力,江苏,化工原料,20171025
300698.SZ,300698,万马科技,浙江,通信设备,20170831
603527.SH,603527,众源新材,安徽,铜,20170907
603277.SH,603277,银都股份,浙江,专用机械,20170911
300654.SZ,300654,世纪天鸿,山东,出版业,20170926
300705.SZ,300705,九典制药,湖南,化学制药,20171010
603937.SH,603937,丽岛新材,江苏,铝,20171102
600933.SH,600933,爱柯迪,浙江,汽车配件,20171117
001965.SZ,1965,招商公路,天津,路桥,20171225
